"","Year","Genre","NA_Sales","EU_Sales","JP_Sales"
"22",1998,"Sports",0.15,0.1,0.12
"44",1999,"Shooter",1.72,1.33,0
"122",1996,"Sports",1.15,0.2,0
"126",1996,"Sports",0.02,0.01,0
"127",1996,"Sports",0.02,0.01,0
"130",1995,"Puzzle",0.03,0.02,0
"131",1999,"Simulation",0.06,0.04,0
"139",1999,"Action",0.5,0.34,0
"147",1999,"Platform",0.17,0.12,0
"165",1997,"Misc",0,0,0.22
"166",1997,"Misc",0,0,0.22
"195",1998,"Platform",0.49,0.13,0
"196",1999,"Platform",0.49,0.13,0
"197",1998,"Platform",1.96,0.72,0
"198",1998,"Misc",0.76,0.52,0
"199",1999,"Misc",0.17,0.12,0
"202",1995,"Simulation",0,0,0.06
"212",1995,"Simulation",0.02,0.01,0.04
"213",1996,"Strategy",0.02,0.01,0.04
"219",1994,"Strategy",0,0,0.24
"251",1997,"Simulation",0.16,0.11,0.56
"252",1997,"Simulation",0.16,0.11,0.56
"253",1999,"Simulation",0.22,0.15,0.4
"289",1997,"Sports",0.07,0.05,0
"290",1998,"Sports",0.07,0.05,0
"291",1996,"Sports",0.02,0.01,0
"292",1998,"Sports",0.01,0.01,0
"352",1997,"Racing",0.06,0.01,0
"353",1998,"Racing",0.06,0.01,0
"354",1997,"Action",0.15,0.04,0
"355",1997,"Action",0.15,0.04,0
"382",1997,"Strategy",0.01,0,0
"383",1999,"Strategy",0.01,0.08,0
"384",1999,"Strategy",0.01,0.08,0
"404",1995,"Simulation",0.08,0.05,0
"423",1995,"Simulation",0.92,0.33,0.52
"424",1995,"Simulation",0.92,0.33,0.52
"500",1998,"Platform",0.07,0.04,0
"506",1998,"Sports",0.04,0.03,0
"507",1999,"Sports",0.04,0.03,0
"529",1996,"Shooter",0.24,0.16,0.04
"530",1997,"Shooter",0.24,0.16,0.04
"546",1999,"Shooter",0,0.01,0
"561",1997,"Fighting",0,0,0.15
"577",1999,"Sports",0.04,0.01,0
"582",1999,"Sports",0.36,0.03,0
"598",1998,"Sports",0.44,0.04,0
"603",1996,"Strategy",0.11,0.07,0
"611",1996,"Adventure",0.17,0.12,0
"612",1996,"Adventure",0.17,0.12,0
"625",1997,"Role-Playing",0.13,0.09,0
"626",1997,"Role-Playing",0.13,0.09,0
"627",1999,"Role-Playing",0.15,0.1,0
"653",1995,"Misc",0,0,0.02
"711",1996,"Racing",0.43,0.29,0
"712",1996,"Racing",0.43,0.29,0
"713",1997,"Role-Playing",0.12,0.08,0
"714",1998,"Strategy",0,0,0.04
"715",1998,"Strategy",0,0,0.04
"761",1998,"Sports",0.36,0.25,0
"797",1999,"Platform",0.71,0.48,0.32
"812",1998,"Action",0.25,0.17,0
"824",1995,"Adventure",0.01,0.01,0
"847",1995,"Role-Playing",0,0,1.1
"848",1996,"Role-Playing",0,0,0.92
"849",1999,"Role-Playing",0,0,0.39
"854",1999,"Misc",0.06,0.04,0
"894",1996,"Shooter",0.4,0.27,0
"895",1996,"Shooter",0.4,0.27,0
"917",1997,"Simulation",0.13,0.09,0.16
"941",1999,"Simulation",0.07,0.05,0.13
"947",1997,"Simulation",0.06,0.04,0.15
"948",1998,"Simulation",0.06,0.04,0.15
"953",1999,"Shooter",0.21,0.05,0
"956",1999,"Action",1.1,0.14,0
"960",1999,"Action",0.47,0.32,0
"972",1999,"Action",0.68,0.12,0
"973",1999,"Shooter",0.68,0.12,0
"974",1999,"Action",0.31,0.21,0
"1006",1996,"Fighting",0,0,0.04
"1095",1996,"Action",0.02,0.02,0
"1096",1996,"Action",0.02,0.02,0
"1098",1998,"Action",0.07,0.05,0
"1099",1998,"Action",0.07,0.05,0
"1107",1998,"Shooter",0.64,0.43,0
"1108",1998,"Shooter",0.64,0.43,0
"1109",1999,"Shooter",0.13,0.03,0
"1238",1998,"Action",0.04,0.03,0
"1243",1997,"Racing",0.28,0.17,0
"1267",1997,"Role-Playing",0.07,0.05,0
"1268",1998,"Role-Playing",0.07,0.05,0
"1278",1998,"Adventure",0,0,0.04
"1298",1998,"Misc",0.19,0.13,0
"1350",1996,"Role-Playing",0,0,0.62
"1351",1996,"Role-Playing",0,0,0.62
"1358",1995,"Puzzle",0,0,0.05
"1359",1996,"Puzzle",0,0,0.05
"1380",1998,"Racing",0,0,0.36
"1381",1998,"Racing",0,0,0.05
"1393",1997,"Sports",0.01,0.01,0
"1394",1997,"Sports",0.01,0.01,0
"1395",1999,"Puzzle",0.02,0.01,0
"1415",1998,"Platform",1.87,1.13,0.55
"1457",1999,"Sports",0.12,0.08,0
"1464",1999,"Action",0.33,0.22,0
"1465",1999,"Action",0.33,0.22,0
"1484",1995,"Sports",0.28,0.19,0
"1485",1995,"Sports",0,0,0.02
"1487",1999,"Sports",0.25,0.06,0
"1488",1999,"Sports",0.21,0.14,0.23
"1495",1999,"Sports",0.03,0.02,0
"1496",1999,"Sports",0.03,0.02,0
"1498",1999,"Sports",0.11,0.03,0
"1499",1996,"Role-Playing",0,0,0.2
"1504",1998,"Action",0.06,0.04,0
"1512",1996,"Action",0.02,0.01,0
"1565",1994,"Fighting",0.39,0.26,0.53
"1566",1995,"Fighting",0.39,0.26,0.53
"1567",1995,"Fighting",0.15,0.1,0.41
"1568",1996,"Fighting",0.15,0.1,0.41
"1569",1996,"Fighting",0.06,0.04,0.14
"1570",1997,"Fighting",0.06,0.04,0.14
"1571",1994,"Fighting",0,0,0.12
"1572",1995,"Fighting",0,0,0.12
"1573",1995,"Fighting",0,0,0.03
"1574",1996,"Fighting",0,0,0.03
"1581",1991,"Strategy",0,0,0.18
"1582",1991,"Sports",0,0,0.33
"1590",1999,"Strategy",0.02,0.01,0
"1601",1992,"Sports",0,0,0.16
"1612",1997,"Strategy",0.43,0.29,0
"1671",1998,"Action",0.26,0.06,0
"1672",1999,"Action",0.31,0.07,0
"1701",1998,"Simulation",0,0,1.07
"1702",1998,"Simulation",0,0,1.07
"1705",1998,"Simulation",0,0,0.56
"1706",1998,"Simulation",0,0,0.56
"1707",1999,"Simulation",0,0,0.27
"1708",1999,"Simulation",0,0,0.27
"1709",1999,"Simulation",0,0,0.31
"1710",1999,"Simulation",0,0,0.31
"1731",1999,"Racing",0.4,0.2,0
"1845",1993,"Role-Playing",0,0,0.05
"1846",1994,"Role-Playing",0,0,0.05
"1847",1995,"Role-Playing",0.11,0.08,0.35
"1848",1996,"Role-Playing",0.11,0.08,0.35
"1855",1999,"Sports",0.1,0.07,0
"1860",1997,"Sports",0.2,0.14,0
"1861",1997,"Sports",0.2,0.14,0
"1873",1996,"Misc",0,0,0.03
"1880",1998,"Sports",0.02,0.01,0
"1914",1998,"Action",0.11,0.03,0
"1915",1998,"Action",0.11,0.03,0
"1916",1998,"Action",0.07,0.05,0
"1917",1998,"Action",0.07,0.05,0
"1958",1993,"Fighting",0,0,0.27
"1959",1993,"Fighting",0,0,0.27
"1960",1994,"Fighting",0,0,0.12
"1978",1999,"Sports",0.06,0.04,0
"1979",1999,"Sports",0.06,0.04,0
"1982",1996,"Simulation",0.07,0.05,0
"1992",1998,"Strategy",0,0,0.08
"2008",1995,"Fighting",0.05,0.03,0
"2009",1996,"Fighting",0.05,0.03,0
"2020",1996,"Shooter",0.05,0.04,0
"2021",1997,"Action",0.39,0.09,0.17
"2023",1998,"Action",0.04,0.03,0
"2024",1999,"Action",0.04,0.03,0
"2029",1998,"Action",0.2,0.13,0
"2073",1996,"Adventure",0.08,0.06,0
"2074",1996,"Adventure",0.08,0.06,0
"2075",1995,"Role-Playing",0,0,0.3
"2076",1996,"Role-Playing",0,0,0.3
"2122",1995,"Puzzle",0,0,0.05
"2138",1996,"Role-Playing",0.25,0.17,0
"2154",1997,"Fighting",0.22,0.15,0
"2155",1998,"Fighting",0.22,0.15,0
"2161",1999,"Fighting",0.25,0.17,0
"2162",1999,"Fighting",0.25,0.17,0
"2169",1996,"Role-Playing",0,0,0.03
"2179",1999,"Adventure",0,0,0.1
"2190",1999,"Misc",0.01,0.01,0
"2191",1999,"Misc",0.01,0.01,0
"2200",1998,"Shooter",0.16,0.04,0
"2201",1998,"Shooter",0.16,0.04,0
"2204",1996,"Simulation",0.05,0.04,0
"2234",1997,"Puzzle",0.5,0.2,0.31
"2235",1999,"Adventure",0.05,0.01,0.11
"2237",1996,"Shooter",0,0,0.17
"2238",1998,"Racing",0.01,0.01,0
"2239",1999,"Racing",0.01,0.01,0
"2242",1998,"Platform",0.27,0.06,0.08
"2243",1991,"Puzzle",0.16,0.03,0.15
"2244",1992,"Puzzle",0.16,0.03,0.15
"2260",1998,"Puzzle",0.07,0.05,0
"2265",1998,"Puzzle",0.06,0.04,0.22
"2266",1998,"Puzzle",0.06,0.04,0.22
"2282",1999,"Fighting",0.06,0.04,0
"2283",1999,"Fighting",0.06,0.04,0
"2317",1999,"Sports",0.37,0,0
"2318",1999,"Sports",0.37,0,0
"2319",1996,"Sports",0.08,0.05,0
"2320",1996,"Sports",0.08,0.05,0
"2321",1997,"Sports",0.01,0.01,0
"2322",1997,"Sports",0.01,0.01,0
"2323",1998,"Sports",0.03,0.02,0
"2324",1998,"Sports",0.03,0.02,0
"2335",1995,"Fighting",0,0,0.33
"2341",1996,"Shooter",0.02,0.01,0
"2342",1997,"Shooter",0.02,0.01,0
"2356",1996,"Adventure",0.01,0.01,0
"2357",1996,"Adventure",0.01,0.01,0
"2387",1998,"Role-Playing",0.25,0.17,0.65
"2388",1998,"Role-Playing",0.25,0.17,0.65
"2407",1997,"Racing",0.08,0.05,0
"2417",1999,"Puzzle",0.06,0.04,0
"2423",1994,"Role-Playing",0,0,0.36
"2424",1995,"Role-Playing",0,0,0.36
"2425",1997,"Role-Playing",0.29,0.19,0.46
"2426",1998,"Role-Playing",0.29,0.19,0.46
"2432",1998,"Sports",0,0,0.04
"2433",1998,"Sports",0,0,0.04
"2435",1998,"Sports",0.02,1.13,0.01
"2440",1998,"Strategy",0.05,0.03,0
"2446",1997,"Action",0.03,0.02,0
"2447",1997,"Action",0.03,0.02,0
"2450",1997,"Adventure",0.03,0.02,0
"2451",1999,"Adventure",0.03,0.02,0
"2485",1999,"Sports",0.05,0.01,0
"2486",1998,"Sports",0.1,0.07,0
"2504",1995,"Puzzle",0.04,0.02,0
"2505",1996,"Puzzle",0.04,0.02,0
"2514",1996,"Platform",0.1,0.07,0
"2516",1998,"Action",0.13,0.03,0
"2526",1997,"Racing",0.01,0.01,0
"2528",1999,"Platform",0.22,0.15,0
"2537",1999,"Strategy",0.01,0,0
"2577",1998,"Platform",0,0,0.06
"2578",1996,"Racing",0.07,0.05,0
"2579",1996,"Racing",0.07,0.05,0
"2606",1997,"Fighting",0.39,0.27,0.43
"2607",1998,"Fighting",0.25,0.17,0.22
"2608",1998,"Fighting",0.25,0.17,0.22
"2614",1998,"Misc",0.09,0.06,0.35
"2615",1998,"Misc",0.09,0.06,0.35
"2616",1999,"Misc",0.04,0.03,0.18
"2617",1999,"Misc",0.04,0.03,0.18
"2620",1994,"Puzzle",0,0,0.02
"2621",1995,"Puzzle",0,0,0.02
"2622",1998,"Puzzle",0.05,0.01,0
"2623",1999,"Puzzle",0.05,0.01,0
"2624",1997,"Puzzle",0.18,0.12,0
"2625",1999,"Puzzle",0.18,0.12,0
"2626",1997,"Puzzle",0.06,0.02,0
"2627",1998,"Puzzle",0.06,0.02,0
"2628",1995,"Puzzle",0.11,0.07,0
"2629",1996,"Puzzle",0.11,0.07,0
"2631",1998,"Puzzle",0.12,0.08,0
"2632",1998,"Puzzle",0.12,0.08,0
"2640",1997,"Puzzle",0.04,0.03,0
"2665",1998,"Shooter",0.04,0.02,0
"2666",1998,"Shooter",0.04,0.02,0
"2767",1998,"Strategy",0,0.03,0
"2768",1998,"Strategy",0,0.03,0
"2774",1998,"Misc",0.14,0.09,0
"2792",1999,"Misc",0.13,0.03,0
"2793",1999,"Racing",0.13,0.03,0
"2922",1993,"Sports",0,0,0.8
"2923",1994,"Sports",0,0,0.8
"2941",1995,"Sports",0,0,0.03
"2942",1995,"Sports",0,0,0.03
"2955",1998,"Fighting",0.08,0.06,0
"2956",1998,"Fighting",0.08,0.06,0
"2958",1999,"Action",0.01,0,0
"2959",1999,"Action",0.01,0,0
"2969",1995,"Strategy",0.01,0.01,0.09
"2970",1997,"Strategy",0.01,0.01,0.09
"3025",1997,"Racing",0.17,0.11,0
"3055",1996,"Adventure",0.46,0.31,0
"3071",1999,"Platform",0.44,0.1,0.04
"3072",1999,"Platform",0.44,0.1,0.04
"3075",1994,"Platform",0,0,0.04
"3076",1994,"Platform",0,0,0.04
"3081",1995,"Platform",0.03,0.01,0.05
"3082",1995,"Platform",0.03,0.01,0.05
"3086",1990,"Platform",0.4,0.07,0.37
"3103",1999,"Platform",0.06,0.02,0.05
"3104",1999,"Platform",0.06,0.02,0.05
"3124",1997,"Platform",0.58,0.4,0.21
"3125",1997,"Platform",0.58,0.4,0.21
"3128",1998,"Racing",0.07,0.05,0
"3129",1999,"Racing",0.07,0.05,0
"3159",1994,"Fighting",0,0,0.12
"3160",1995,"Fighting",0,0,0.12
"3163",1998,"Shooter",0.36,0.25,0
"3164",1999,"Shooter",0.36,0.25,0
"3185",1997,"Platform",0.09,0.02,0
"3186",1998,"Platform",0.04,0.01,0
"3187",1999,"Platform",0.04,0.01,0
"3197",1999,"Sports",0.18,0.12,0
"3204",1999,"Sports",0,0.98,0
"3209",1998,"Racing",0.32,0.22,0
"3210",1999,"Racing",0.32,0.22,0
"3245",1999,"Action",0.02,0.01,0
"3257",1998,"Misc",0,0.03,0
"3266",1998,"Strategy",0.08,0.06,0
"3267",1999,"Strategy",0.08,0.06,0
"3276",1991,"Misc",0,0,0.08
"3309",1997,"Role-Playing",0,0,1.14
"3310",1999,"Role-Playing",0,0,0.18
"3311",1999,"Role-Playing",0,0,0.18
"3312",1999,"Racing",0.07,0.05,0.3
"3313",1999,"Racing",0.07,0.05,0.3
"3315",1998,"Role-Playing",0.04,0.03,0.58
"3316",1999,"Role-Playing",0.04,0.03,0.58
"3320",1997,"Action",0.09,0.02,0
"3321",1998,"Action",0.09,0.02,0
"3325",1999,"Racing",0,0,0.05
"3326",1998,"Racing",0,0,0.05
"3327",1997,"Racing",0,0,0.23
"3328",1998,"Racing",0,0,0.24
"3343",1996,"Sports",0,0,0.19
"3344",1996,"Sports",0,0,0.22
"3348",1997,"Shooter",0,0,0.1
"3349",1997,"Shooter",0,0,0.1
"3356",1996,"Adventure",0.03,0.02,0
"3357",1999,"Role-Playing",0.62,0.42,0.69
"3359",1995,"Role-Playing",0.28,0,2.02
"3381",1998,"Racing",0.04,0.03,0
"3404",1998,"Strategy",0.15,0.11,0
"3443",1995,"Sports",0,0,0.07
"3444",1993,"Sports",0,0,0.11
"3447",1997,"Fighting",0.17,0.04,0
"3454",1996,"Adventure",0.07,0.05,0.38
"3455",1997,"Adventure",0.07,0.05,0.38
"3458",1998,"Adventure",0.02,0.01,0.12
"3459",1999,"Adventure",0.02,0.01,0.12
"3460",1997,"Adventure",0,0,0.12
"3463",1994,"Platform",0,0,0.09
"3464",1995,"Platform",0,0,0.09
"3511",1998,"Adventure",0,0,0.02
"3520",1997,"Shooter",0.05,0.03,0
"3521",1997,"Shooter",0.05,0.03,0
"3541",1998,"Racing",0.09,2.43,0.12
"3576",1995,"Sports",0.1,0.07,0
"3577",1996,"Sports",0.1,0.07,0
"3578",1997,"Simulation",0.24,0.16,0
"3581",1998,"Simulation",0.13,0.09,0
"3599",1998,"Sports",0,0,0.24
"3600",1999,"Strategy",0.22,0.05,0
"3601",1996,"Strategy",0.22,0.15,0
"3602",1997,"Strategy",0.22,0.15,0
"3612",1996,"Strategy",1.37,1.34,0
"3613",1997,"Strategy",0.23,0.16,0
"3614",1997,"Strategy",0.23,0.16,0
"3620",1998,"Strategy",0.39,0.27,0
"3622",1999,"Strategy",1.55,0,0
"3699",1992,"Shooter",0,0,0.13
"3700",1992,"Shooter",0,0,0.13
"3701",1996,"Shooter",0.37,0.25,0
"3702",1996,"Shooter",0.37,0.25,0
"3723",1996,"Sports",0.1,0.07,0.24
"3724",1997,"Sports",1.52,0.46,0.2
"3725",1997,"Sports",1.52,0.46,0.2
"3728",1998,"Sports",1.65,0.46,0.1
"3729",1998,"Sports",0.65,0.44,0
"3730",1999,"Sports",0.65,0.44,0
"3759",1999,"Adventure",0.02,0.01,0
"3773",1997,"Racing",0.09,0.06,0
"3774",1997,"Racing",0.09,0.06,0
"3787",1996,"Platform",3.23,2.35,0.94
"3788",1997,"Platform",3.78,2.17,1.31
"3790",1998,"Platform",3.68,1.75,1.42
"3830",1999,"Racing",2.57,1.57,0.44
"3855",1993,"Platform",0,0,0.46
"3856",1993,"Platform",0,0,0.46
"3894",1994,"Role-Playing",0,0,0.09
"3895",1998,"Racing",0.07,0.04,0
"3915",1997,"Action",0.13,0.09,0
"3916",1996,"Fighting",0.07,0.05,0
"3917",1996,"Fighting",0.07,0.05,0
"3918",1999,"Platform",0.41,0.28,0
"3919",1997,"Platform",1.57,1.79,0
"3938",1996,"Racing",1.69,0.04,0
"3939",1998,"Racing",0.59,0.04,0
"3942",1996,"Adventure",0.03,0.02,0
"3943",1999,"Role-Playing",0.14,0.1,0
"3949",1997,"Shooter",0.02,0.01,0
"3950",1997,"Shooter",0.02,0.01,0
"4022",1998,"Fighting",0,0,0.29
"4033",1995,"Action",0,0,0.13
"4034",1995,"Action",0,0,0.13
"4035",1995,"Fighting",0,0,0.42
"4036",1996,"Fighting",0,0,0.42
"4041",1995,"Action",0.05,0.03,0
"4042",1996,"Adventure",0.05,0.03,0
"4044",1998,"Sports",0.33,0.22,0
"4045",1999,"Sports",0.33,0.22,0
"4046",1995,"Adventure",0,0,0.1
"4047",1996,"Adventure",0,0,0.1
"4071",1995,"Strategy",0,0,0.38
"4072",1996,"Strategy",0,0,0.48
"4073",1995,"Misc",0,0,0.03
"4081",1994,"Role-Playing",0,0,0.3
"4082",1996,"Role-Playing",0,0,0.12
"4115",1999,"Simulation",0,0,1.26
"4116",1999,"Simulation",0,0,1.26
"4119",1999,"Simulation",0,0,0.9
"4120",1999,"Simulation",0,0,0.9
"4191",1999,"Adventure",0,0,0.03
"4192",1999,"Adventure",0,0,0.03
"4224",1995,"Shooter",0,0,0.1
"4225",1996,"Shooter",0,0,0.1
"4226",1995,"Shooter",0,0,0.03
"4227",1996,"Shooter",0,0,0.03
"4238",1996,"Role-Playing",0,0,0.04
"4239",1996,"Role-Playing",0,0,0.04
"4243",1997,"Fighting",0.12,0.03,0
"4244",1997,"Fighting",0.12,0.03,0
"4284",1997,"Simulation",0.02,0.01,0
"4307",1998,"Fighting",0.11,0.07,0
"4357",1994,"Racing",0,0,0.55
"4358",1995,"Racing",0,0,0.55
"4359",1995,"Racing",0,0,0.14
"4360",1996,"Racing",0,0,0.14
"4375",1998,"Sports",0.02,0.02,0
"4382",1999,"Action",0.03,0.02,0
"4393",1998,"Fighting",0.09,0.06,0.1
"4394",1998,"Fighting",0.09,0.06,0.1
"4395",1997,"Fighting",0,0,0.18
"4396",1997,"Fighting",0,0,0.18
"4482",1998,"Fighting",0.03,0.01,0
"4483",1998,"Fighting",0.03,0.01,0
"4528",1998,"Action",0.19,0.13,0
"4537",1994,"Sports",0,0,0.3
"4538",1996,"Sports",0,0,0.3
"4539",1999,"Role-Playing",0.02,0.01,0
"4547",1998,"Adventure",0,0,0.08
"4578",1995,"Shooter",0.04,0.03,0
"4579",1995,"Shooter",0.04,0.03,0
"4618",1998,"Racing",0.17,0.12,0
"4619",1999,"Racing",0.17,0.12,0
"4647",1997,"Simulation",0,0,1.02
"4648",1999,"Simulation",0,0,0.38
"4650",1999,"Simulation",0,0,0.05
"4655",1995,"Sports",0,0,0.1
"4656",1994,"Sports",0,0,0.07
"4657",1997,"Sports",0,0,1.96
"4658",1999,"Sports",0,0,0.09
"4661",1996,"Sports",0,0,1.04
"4662",1998,"Sports",0,0,0.08
"4663",1999,"Sports",0,0,1.06
"4667",1994,"Sports",0,0,0.87
"4668",1995,"Sports",0,0,1.15
"4674",1996,"Shooter",0.11,0.07,0
"4675",1997,"Shooter",0.05,0.04,0
"4676",1997,"Shooter",0.05,0.04,0
"4681",1997,"Adventure",0,0,0.14
"4710",1998,"Fighting",0.04,0.03,0
"4711",1999,"Fighting",0.04,0.03,0
"4722",1995,"Racing",0.5,0.34,0
"4723",1996,"Racing",0.65,0.44,0
"4724",1996,"Racing",0.65,0.44,0
"4725",1999,"Racing",0.13,0.03,0
"4730",1995,"Shooter",0,0,0.08
"4731",1995,"Shooter",0,0,0.08
"4732",1995,"Shooter",0,0,0.13
"4733",1995,"Shooter",0,0,0.13
"4734",1999,"Adventure",0.08,0.05,0
"4759",1998,"Puzzle",0.05,0.03,1.1
"4775",1999,"Role-Playing",0,0,0.14
"4776",1997,"Role-Playing",0,0,0.31
"4784",1996,"Role-Playing",0.01,1.58,0
"4785",1997,"Role-Playing",0.29,0.19,0.07
"4786",1998,"Role-Playing",0.29,0.19,0.07
"4810",1997,"Racing",2.91,0.99,0.89
"4812",1996,"Shooter",0.85,0.58,0
"4813",1999,"Action",0.27,0.18,0
"4831",1999,"Role-Playing",0,0,0.28
"4832",1999,"Role-Playing",0,0,0.28
"4837",1999,"Strategy",0.06,0.04,0
"4859",1999,"Role-Playing",0.56,0.38,0.28
"4888",1998,"Action",0.81,0.76,0.7
"4943",1994,"Adventure",0.04,0.02,0
"4944",1995,"Adventure",0.04,0.02,0
"4945",1996,"Adventure",0.01,0.01,0
"4946",1997,"Adventure",0.01,0.01,0
"5094",1993,"Platform",0.94,0.34,0.21
"5115",1990,"Platform",0.68,0.14,0.35
"5169",1999,"Misc",0.09,0.06,0
"5170",1999,"Misc",0.09,0.06,0
"5197",1995,"Shooter",0.07,0.05,0
"5198",1996,"Shooter",0.07,0.05,0
"5270",1995,"Adventure",0,0,0.02
"5277",1999,"Misc",0,0,1
"5301",1994,"Platform",1.57,0.62,0.55
"5303",1999,"Platform",3.33,0.79,1.09
"5308",1994,"Platform",4.36,1.71,3
"5310",1995,"Platform",2.1,0.74,2.2
"5312",1996,"Platform",1.17,0.5,1.75
"5324",1994,"Platform",1.97,0.76,1.07
"5333",1992,"Shooter",0.02,0,0
"5334",1993,"Shooter",0.04,0,0
"5335",1994,"Shooter",0.43,0.3,0
"5336",1995,"Shooter",0.43,0.3,0
"5349",1997,"Shooter",0.38,0.08,0
"5351",1994,"Shooter",2.05,1.4,0
"5394",1993,"Role-Playing",0,0,0.05
"5396",1995,"Platform",0,0,0.06
"5423",1998,"Adventure",0,0,0.11
"5426",1995,"Adventure",0,0,0.14
"5427",1995,"Adventure",0,0,0.14
"5428",1997,"Role-Playing",0,0,0.13
"5429",1996,"Role-Playing",0,0,0.26
"5439",1990,"Puzzle",2.62,0.6,1.52
"5480",1997,"Fighting",0.02,0.02,0.22
"5481",1997,"Fighting",0.02,0.02,0.22
"5492",1993,"Fighting",0,0,1.45
"5493",1999,"Fighting",0,0,1.45
"5496",1995,"Fighting",0,0,0.21
"5497",1996,"Fighting",0,0,0.21
"5498",1995,"Role-Playing",0,0,0.11
"5499",1995,"Role-Playing",0,0,0.11
"5521",1992,"Role-Playing",0,0,0.58
"5522",1992,"Role-Playing",0,0,0.58
"5529",1996,"Fighting",0,0,0.18
"5530",1996,"Fighting",0,0,0.18
"5531",1995,"Fighting",0,0,0.15
"5532",1996,"Fighting",0,0,0.15
"5535",1993,"Fighting",0,0,1.2
"5536",1994,"Fighting",0,0,1.2
"5542",1995,"Fighting",0,0,0.09
"5543",1995,"Fighting",0,0,0.09
"5556",1993,"Fighting",0,0,0.73
"5557",1994,"Fighting",0,0,0.73
"5589",1996,"Strategy",0,0,0.3
"5590",1996,"Strategy",0,0,0.3
"5591",1998,"Strategy",0,0,0.08
"5611",1993,"Role-Playing",0,0,1.15
"5613",1996,"Role-Playing",0,0,1.36
"5633",1992,"Role-Playing",0,0,2.78
"5634",1995,"Role-Playing",0,0,3.19
"5659",1994,"Role-Playing",0,0,0.08
"5660",1992,"Role-Playing",0,0,0.07
"5661",1994,"Role-Playing",0,0,0.08
"5662",1992,"Role-Playing",0,0,0.07
"5670",1999,"Role-Playing",0.04,0.03,0
"5673",1999,"Role-Playing",0,0,0.77
"5703",1996,"Action",0.02,0.01,0
"5704",1998,"Action",0.03,0.02,0.04
"5786",1994,"Racing",0,0,0.2
"5796",1999,"Action",3.11,2.8,0.02
"5843",1997,"Fighting",0.04,0.01,0
"5844",1998,"Fighting",0.04,0.01,0
"5867",1997,"Shooter",0.35,0.08,0
"5876",1998,"Shooter",0.77,0.54,0
"5877",1998,"Shooter",0.77,0.54,0
"5878",1997,"Shooter",0.34,0.23,0
"5879",1999,"Shooter",0.21,0.05,0
"5885",1999,"Strategy",0.14,0.09,0
"5892",1999,"Action",0,0.05,0
"5893",1999,"Strategy",0,0.05,0
"5930",1996,"Misc",0,0,0.27
"5931",1997,"Misc",0,0,0.31
"5939",1993,"Platform",0,0,0.05
"5940",1994,"Platform",0,0,0.05
"5945",1997,"Action",0.09,0.06,0.11
"5946",1997,"Action",0.09,0.06,0.11
"6055",1996,"Adventure",0,0,0.41
"6056",1997,"Adventure",0,0,0.41
"6108",1994,"Role-Playing",0,0,0.81
"6109",1995,"Role-Playing",0,0,0.81
"6117",1999,"Platform",0.1,0.02,0
"6118",1999,"Platform",0.1,0.02,0
"6128",1992,"Adventure",0,0,0.12
"6129",1993,"Adventure",0,0,0.12
"6132",1993,"Adventure",0,0,0.07
"6133",1994,"Adventure",0,0,0.07
"6134",1998,"Adventure",0.03,0.02,0.07
"6135",1999,"Adventure",0.03,0.02,0.07
"6141",1999,"Fighting",0.06,0.04,0
"6144",1999,"Fighting",0.27,0.18,0
"6159",1998,"Fighting",0.17,0.12,0
"6160",1999,"Fighting",0.17,0.12,0
"6164",1998,"Shooter",0.1,0.07,0.13
"6185",1997,"Shooter",0.03,0.02,0
"6186",1998,"Shooter",0.03,0.02,0
"6223",1992,"Strategy",0.01,0,0
"6224",1993,"Strategy",0.02,0,0
"6277",1995,"Shooter",0.02,0.01,0.1
"6278",1996,"Shooter",0.02,0.01,0.1
"6302",1994,"Sports",0.11,0.08,0.17
"6303",1995,"Sports",0.11,0.08,0.17
"6358",1997,"Sports",0.18,0.12,0
"6359",1998,"Sports",0.18,0.12,0
"6362",1999,"Role-Playing",0.08,0.05,0
"6408",1997,"Adventure",0,0,0.21
"6410",1998,"Adventure",0,0,0.16
"6437",1998,"Fighting",0.14,0.1,0
"6438",1999,"Fighting",0.14,0.1,0
"6479",1999,"Action",0.03,0.02,0
"6488",1990,"Sports",0,0,0.33
"6489",1991,"Sports",0,0,0.33
"6490",1995,"Misc",0.18,0.12,0
"6491",1996,"Misc",0.18,0.12,0
"6492",1997,"Racing",0.47,0.11,0
"6493",1998,"Racing",0.31,0.07,0
"6512",1992,"Racing",0,0,0.28
"6513",1990,"Racing",1.73,0.69,0.59
"6514",1998,"Racing",0.46,0.96,0.09
"6517",1990,"Racing",1.37,0.51,0.89
"6519",1998,"Racing",0.45,0.33,0.29
"6586",1994,"Racing",0,0,0.18
"6587",1996,"Racing",0,0,0.18
"6590",1997,"Racing",0.11,0.13,0
"6596",1992,"Sports",0,0,0.28
"6597",1992,"Sports",0,0,0.28
"6621",1996,"Action",0.19,0.13,0
"6724",1990,"Sports",0,0,0.3
"6725",1990,"Sports",0,0,0.3
"6726",1991,"Sports",0,0,0.28
"6727",1991,"Sports",0,0,0.28
"6740",1997,"Action",0.04,0.03,0
"6790",1995,"Fighting",0,0,0.03
"6791",1995,"Role-Playing",0,0,0.3
"6861",1992,"Fighting",0,0,0.39
"6862",1993,"Fighting",0,0,0.39
"6863",1993,"Fighting",0,0,0.45
"6864",1994,"Fighting",0,0,0.45
"6865",1994,"Fighting",0,0,0.56
"6866",1995,"Fighting",0,0,0.56
"6875",1999,"Fighting",0.03,0.02,0
"6876",1999,"Fighting",0.03,0.02,0
"6897",1998,"Action",0.4,0.27,0
"6902",1997,"Racing",0.06,0.04,0
"6903",1997,"Racing",0.06,0.04,0.15
"6994",1998,"Sports",0.22,1.47,0.04
"6995",1999,"Sports",0.22,1.47,0.04
"7000",1998,"Sports",0.11,0.39,0
"7001",1998,"Sports",0.11,0.39,0
"7115",1997,"Sports",0.16,0.3,0
"7116",1997,"Sports",0.16,0.3,0
"7117",1995,"Sports",0.09,0.06,0
"7118",1995,"Sports",0.09,0.06,0
"7119",1996,"Sports",0.09,0.06,0
"7120",1996,"Sports",0.09,0.06,0
"7163",1997,"Sports",0.15,0.39,0
"7164",1997,"Sports",0.14,0.09,0.46
"7165",1997,"Sports",0.14,0.09,0.46
"7201",1999,"Fighting",0.04,0.01,0
"7203",1998,"Fighting",0.05,0.04,0.07
"7204",1999,"Fighting",0.05,0.04,0.07
"7208",1998,"Fighting",0.13,0.03,0
"7209",1996,"Fighting",0,0,0.62
"7210",1997,"Fighting",0,0,0.62
"7213",1997,"Action",0.73,0.5,0
"7214",1997,"Fighting",0.73,0.5,0
"7215",1999,"Action",0.31,0.21,0
"7216",1999,"Action",0.09,0.02,0
"7217",1995,"Fighting",0,0,0.4
"7218",1996,"Fighting",0,0,0.4
"7223",1995,"Shooter",0.15,0.1,0
"7227",1991,"Adventure",0,0,0.38
"7228",1991,"Role-Playing",0,0,0.38
"7230",1999,"Role-Playing",0.45,0.3,0
"7232",1999,"Role-Playing",0,0,0.42
"7245",1994,"Role-Playing",0,0,0.11
"7249",1991,"Role-Playing",0.24,0.09,1.33
"7254",1990,"Role-Playing",0,0,1.39
"7257",1994,"Role-Playing",0.86,0,2.55
"7259",1997,"Simulation",0,0,0.29
"7265",1991,"Role-Playing",0,0,0.76
"7266",1993,"Role-Playing",0,0,0.76
"7267",1997,"Role-Playing",0.93,0.12,1.34
"7277",1998,"Role-Playing",0,0,0.16
"7278",1999,"Role-Playing",0,0,0.16
"7279",1992,"Role-Playing",0,0,2.43
"7281",1999,"Role-Playing",0,0,0.08
"7282",1999,"Role-Playing",0,0,0.08
"7285",1997,"Role-Playing",3.01,2.47,3.28
"7286",1997,"Role-Playing",0,0,0.59
"7287",1999,"Role-Playing",2.28,1.72,3.63
"7340",1990,"Action",0.67,0.17,0.69
"7341",1993,"Action",0.39,0.12,0.49
"7362",1994,"Strategy",0,0,0.7
"7366",1996,"Strategy",0,0,0.58
"7372",1999,"Strategy",0,0,0.26
"7378",1999,"Fighting",0,0,0.18
"7379",1996,"Fighting",0,0,0.12
"7393",1994,"Role-Playing",0,0,0.03
"7398",1999,"Sports",0.16,0.11,0
"7399",1999,"Sports",0.16,0.11,0
"7469",1997,"Fighting",0.08,0.02,0
"7470",1998,"Fighting",0.08,0.02,0
"7536",1996,"Racing",0.18,0.12,0.42
"7537",1996,"Racing",0.18,0.12,0.42
"7539",1997,"Racing",0.06,0.04,0.23
"7540",1997,"Racing",0.06,0.04,0.23
"7544",1994,"Racing",0,0,0.07
"7545",1998,"Shooter",0.13,0.09,0
"7546",1998,"Shooter",0.23,0.06,0
"7587",1998,"Sports",0.2,0.05,0
"7588",1997,"Sports",0.08,0.05,0
"7589",1998,"Sports",0.08,0.05,0
"7595",1996,"Sports",0.08,0.05,0
"7647",1997,"Action",3.79,0.27,0
"7648",1999,"Action",0.8,0.54,0
"7706",1995,"Strategy",0,0,0.6
"7707",1995,"Strategy",0,0,0.6
"7708",1997,"Strategy",0,0,0.49
"7709",1997,"Strategy",0,0,0.49
"7711",1999,"Strategy",0.1,0.07,0.31
"7716",1997,"Strategy",0,0,0.13
"7717",1997,"Strategy",0,0,0.13
"7721",1996,"Role-Playing",0,0,0.24
"7722",1996,"Role-Playing",0,0,0.24
"7767",1995,"Role-Playing",0,0,0.4
"7773",1996,"Role-Playing",0,0,0.27
"7783",1997,"Simulation",0.16,0.11,0
"7784",1998,"Simulation",0.16,0.11,0
"7798",1997,"Shooter",0.04,0.03,0
"7799",1998,"Shooter",0.04,0.03,0
"7807",1997,"Action",0.13,0.09,0
"7808",1997,"Action",0.13,0.09,0
"7809",1999,"Action",0.03,0.02,0
"7810",1999,"Action",0.03,0.02,0
"7840",1994,"Role-Playing",0,0,0.03
"7862",1994,"Shooter",0,0,0.25
"7863",1995,"Shooter",0,0,0.25
"7874",1994,"Fighting",0,0,0.04
"7875",1996,"Fighting",0,0,0.04
"7877",1994,"Racing",0,0,0.07
"7878",1999,"Adventure",0.08,0.06,0
"7888",1999,"Sports",0,0,0.18
"7889",1999,"Sports",0,0,0.18
"7890",1996,"Sports",0.04,0.03,0.16
"7891",1996,"Sports",0.04,0.03,0.16
"7892",1997,"Sports",0,0,0.25
"7893",1997,"Sports",0,0,0.25
"7909",1997,"Misc",0.63,0.25,0.09
"7910",1997,"Misc",0.76,0.3,0.12
"7911",1999,"Misc",0.79,0.31,0.08
"7919",1997,"Simulation",0,0,1.44
"7920",1997,"Simulation",0,0,1.44
"7923",1994,"Misc",0,0,0.04
"7924",1994,"Misc",0,0,0.05
"7942",1995,"Misc",0,0,0.3
"7943",1991,"Strategy",0,0,0.18
"7946",1993,"Platform",0,0,0.31
"7947",1993,"Platform",0,0,0.31
"7948",1994,"Platform",0,0,0.36
"7949",1994,"Platform",0,0,0.36
"7950",1995,"Platform",0,0,0.31
"7951",1995,"Platform",0,0,0.31
"7974",1996,"Fighting",0,0,0.05
"7979",1999,"Action",0.43,0.1,0
"8008",1999,"Fighting",0.06,0.04,0
"8074",1995,"Platform",0.49,0.33,0
"8075",1999,"Platform",0.17,0.04,0
"8076",1999,"Platform",0.3,0.2,0
"8077",1998,"Action",0.2,0.05,0
"8078",1998,"Action",0.2,0.05,0
"8079",1998,"Platform",0.32,0.22,0
"8080",1998,"Platform",0.32,0.22,0
"8081",1997,"Simulation",0.06,0.04,0
"8082",1997,"Simulation",0.06,0.04,0
"8114",1995,"Shooter",0,0,0.02
"8115",1995,"Shooter",0,0,0.02
"8160",1998,"Platform",0.72,0.17,0
"8161",1999,"Platform",0.09,0.06,0
"8170",1995,"Platform",0,0,0.04
"8189",1996,"Sports",0.01,0,0.09
"8190",1997,"Sports",0.01,0,0.09
"8245",1998,"Action",0,0,0.08
"8254",1998,"Platform",0.06,0.02,0.13
"8255",1999,"Platform",0.06,0.02,0.13
"8263",1994,"Shooter",0,0,0.18
"8264",1994,"Shooter",0,0,0.18
"8275",1994,"Fighting",0,0,0.05
"8276",1995,"Fighting",0,0,0.05
"8277",1998,"Misc",0.07,0.02,0
"8290",1997,"Shooter",5.8,2.01,0.13
"8320",1995,"Strategy",0,0,0.08
"8329",1995,"Fighting",0,0,0.1
"8344",1997,"Racing",4.02,3.87,2.54
"8349",1999,"Racing",3.88,3.42,1.69
"8371",1997,"Racing",0,0.01,0
"8372",1998,"Racing",0,0.01,0
"8373",1997,"Misc",0.02,0.02,0
"8374",1997,"Sports",0.02,0.02,0
"8381",1997,"Action",0.79,1.35,0.04
"8382",1998,"Action",0.79,1.35,0.04
"8383",1998,"Action",1.13,2.07,0
"8384",1999,"Action",1.13,2.07,0
"8417",1998,"Adventure",0.06,0.04,0
"8418",1999,"Adventure",0.06,0.04,0
"8438",1999,"Role-Playing",0.14,0.09,0
"8439",1999,"Role-Playing",0.14,0.09,0
"8440",1997,"Role-Playing",0,0,0.42
"8515",1996,"Action",0.02,0.01,0
"8545",1999,"Action",0.23,0.16,0
"8554",1998,"Racing",0.08,0.02,0
"8559",1995,"Role-Playing",0,0,0.29
"8560",1996,"Role-Playing",0,0,0.29
"8561",1998,"Role-Playing",0.07,0.05,0
"8562",1999,"Role-Playing",0.07,0.05,0
"8572",1998,"Fighting",0.03,0.02,0.07
"8573",1998,"Fighting",0.03,0.02,0.07
"8611",1999,"Simulation",0,0,0.23
"8612",1999,"Simulation",0,0,0.23
"8697",1995,"Shooter",0,0,0.06
"8701",1998,"Fighting",0.13,0.09,0
"8731",1997,"Fighting",0,0,0.13
"8732",1997,"Fighting",0,0,0.13
"8739",1995,"Simulation",0,0,0.19
"8740",1996,"Simulation",0,0,0.19
"8743",1998,"Simulation",0,0,0.06
"8753",1996,"Simulation",0.15,0.1,0
"8756",1992,"Shooter",0,0,0.13
"8757",1993,"Shooter",0,0,0.13
"8812",1997,"Shooter",4.03,0,0.09
"8813",1998,"Shooter",4.03,0,0.09
"8851",1999,"Simulation",0,0,0.3
"8861",1997,"Puzzle",0,0,0.12
"8884",1995,"Racing",0,0,0.07
"8885",1996,"Racing",0,0,0.07
"8889",1996,"Adventure",0,0,0.03
"8934",1996,"Sports",0.07,0.04,0
"8935",1996,"Sports",0.07,0.04,0
"9019",1993,"Sports",0,0,0.12
"9046",1999,"Simulation",0,0,0.12
"9050",1999,"Simulation",0.25,0.06,0.11
"9051",1999,"Simulation",0.25,0.06,0.11
"9062",1997,"Simulation",0,0,0.23
"9063",1998,"Simulation",0,0,0.23
"9072",1999,"Simulation",0.11,0.07,0.12
"9147",1996,"Adventure",0,0,0.04
"9175",1998,"Platform",0.18,0.12,0
"9176",1998,"Platform",0.18,0.12,0
"9227",1998,"Puzzle",0.05,0.03,0
"9228",1999,"Puzzle",0.05,0.03,0
"9242",1997,"Action",0.02,0.01,0
"9243",1997,"Adventure",0.02,0.01,0
"9248",1995,"Platform",0,0,0.02
"9272",1996,"Shooter",0.15,0.04,0
"9273",1997,"Shooter",0.15,0.04,0
"9274",1997,"Shooter",0.06,0.04,0
"9278",1998,"Simulation",0.83,0.06,0.93
"9284",1995,"Racing",0.03,0.02,0
"9285",1996,"Racing",0.03,0.02,0
"9321",1995,"Racing",0,0,0.12
"9322",1996,"Racing",0,0,0.12
"9323",1998,"Adventure",0,0,0.03
"9324",1996,"Racing",0,0,0.06
"9353",1995,"Misc",0,0,0.03
"9354",1994,"Misc",0,0,0.05
"9440",1998,"Strategy",0,0.02,0
"9441",1999,"Strategy",0,0.02,0
"9491",1997,"Sports",0.29,0.2,2.13
"9492",1998,"Sports",0.29,0.2,2.13
"9493",1998,"Sports",0.26,0.17,2.13
"9494",1999,"Sports",0.25,0.12,1.48
"9514",1999,"Racing",0.25,0.06,0
"9515",1999,"Racing",0.59,0.4,0
"9554",1998,"Strategy",0,0,0.13
"9555",1998,"Strategy",0,0,0.13
"9608",1999,"Role-Playing",0.16,0.04,0.05
"9609",1999,"Role-Playing",0.16,0.04,0.05
"9611",1999,"Racing",0.26,0.17,0
"9614",1995,"Sports",0,0,0.1
"9707",1995,"Misc",0,0,0.04
"9710",1995,"Misc",0,0,0.1
"9713",1998,"Racing",0.06,0.02,0
"9741",1993,"Role-Playing",0,0,0.13
"9742",1994,"Role-Playing",0,0,0.13
"9791",1996,"Racing",0.03,0.02,0
"9792",1996,"Racing",0.03,0.02,0
"9805",1995,"Shooter",0.03,0.02,0.07
"9806",1996,"Shooter",0.03,0.02,0.07
"9822",1999,"Action",0.04,0.03,0
"9824",1997,"Shooter",0.25,0.17,0
"9885",1997,"Puzzle",0.13,0.07,1
"9890",1997,"Misc",0.08,0.05,0
"9891",1998,"Misc",0.08,0.05,0
"9899",1994,"Sports",0,0,0.28
"9900",1995,"Sports",0,0,0.28
"9901",1998,"Action",0.06,0.3,0.21
"9902",1998,"Sports",0.06,0.3,0.19
"9903",1998,"Sports",0.06,0.3,0.19
"9906",1999,"Sports",0.01,0.26,0.22
"9908",1999,"Sports",0,0,0.18
"9910",1997,"Sports",0.09,0.26,0.23
"9911",1997,"Sports",0.09,0.26,0.23
"9912",1997,"Sports",0,0,0.05
"9913",1997,"Sports",0,0,0.05
"9914",1995,"Sports",0,0,0.16
"9915",1995,"Sports",0,0,0.16
"9916",1998,"Sports",0.02,0.02,0.35
"9917",1998,"Sports",0.02,0.02,0.35
"9918",1996,"Sports",0.08,0.05,0.35
"9919",1996,"Sports",0.08,0.05,0.35
"9920",1999,"Sports",0.06,0.04,0
"9921",1999,"Sports",0.06,0.04,0
"9922",1999,"Sports",0.03,0.02,0
"9932",1998,"Shooter",0.05,0.03,0
"9954",1996,"Fighting",0.08,0.05,0
"9963",1996,"Platform",0.05,0.03,0
"9970",1999,"Simulation",0.01,0.01,0
"9972",1995,"Shooter",0,0,0.34
"9973",1996,"Strategy",0,0,0.34
"9976",1998,"Action",0.01,0.01,0
"9977",1999,"Action",0.01,0.01,0
"9983",1998,"Sports",0,0,0.71
"9987",1994,"Misc",0,0,0.29
"9988",1994,"Misc",0,0,0.29
"9990",1997,"Sports",0,0,0.17
"10009",1996,"Sports",0,0,0.05
"10010",1995,"Sports",0,0,0.45
"10011",1996,"Sports",0,0,0.19
"10014",1997,"Sports",0,0,0.18
"10015",1997,"Sports",0,0,0.18
"10017",1999,"Sports",0,0,0.36
"10022",1996,"Sports",0,0,0.26
"10023",1997,"Sports",0,0,0.49
"10024",1994,"Sports",0,0,0.04
"10025",1993,"Sports",0,0,0.69
"10026",1993,"Sports",0,0,0.69
"10027",1994,"Sports",0,0,0.53
"10028",1994,"Sports",0,0,0.53
"10029",1995,"Sports",0,0,0.15
"10030",1996,"Sports",0,0,0.29
"10054",1999,"Action",0.12,0.08,0
"10059",1998,"Role-Playing",0.15,0.1,0
"10060",1999,"Role-Playing",0.15,0.1,0
"10062",1999,"Strategy",0,0.01,0
"10127",1999,"Misc",0.54,0.36,0
"10131",1996,"Misc",0.1,0.07,0
"10132",1997,"Misc",0.1,0.07,0
"10133",1996,"Misc",0.3,0.2,0
"10134",1997,"Misc",0.3,0.2,0
"10141",1998,"Misc",0.63,0.43,0
"10142",1999,"Misc",0.94,0.64,0
"10178",1998,"Misc",0.08,0.02,0
"10179",1997,"Misc",0.39,0.27,0
"10180",1998,"Misc",0.39,0.27,0
"10184",1999,"Racing",0.23,0.06,0
"10187",1998,"Racing",0.91,0.1,0
"10191",1997,"Platform",0.13,0.09,0
"10192",1998,"Platform",0.13,0.09,0
"10193",1999,"Shooter",0.78,0.28,0.07
"10199",1996,"Racing",1.33,0.4,0.03
"10200",1997,"Racing",1.41,0.42,0.03
"10201",1999,"Racing",0.41,0.28,0
"10247",1998,"Racing",0.23,0.16,0
"10253",1996,"Sports",0,0,0.19
"10254",1996,"Sports",0,0,0.19
"10255",1995,"Shooter",0,0,0.05
"10256",1995,"Shooter",0,0,0.05
"10271",1994,"Sports",0,0,0.41
"10272",1994,"Sports",0,0,0.41
"10273",1994,"Sports",0,0,0.11
"10274",1994,"Sports",0,0,0.11
"10275",1996,"Sports",0,0,0.19
"10276",1996,"Sports",0,0,0.19
"10277",1997,"Sports",0,0,0.56
"10278",1997,"Sports",0,0,0.56
"10279",1998,"Sports",0,0,0.55
"10280",1998,"Sports",0,0,0.55
"10281",1998,"Sports",0,0,0.25
"10282",1998,"Sports",0,0,0.25
"10283",1999,"Sports",0,0,0.76
"10284",1999,"Sports",0,0,0.76
"10285",1999,"Sports",0,0,0.25
"10286",1999,"Sports",0,0,0.25
"10317",1995,"Sports",0,0,0.27
"10318",1995,"Sports",0,0,0.27
"10352",1996,"Sports",0,0,0.45
"10353",1996,"Sports",0,0,0.45
"10354",1997,"Sports",0,0,0.16
"10355",1997,"Sports",0,0,0.16
"10356",1997,"Sports",0,0,0.26
"10357",1997,"Sports",0,0,0.26
"10358",1998,"Sports",0,0,0.27
"10359",1998,"Sports",0,0,0.27
"10360",1999,"Sports",0,0,0.39
"10361",1999,"Sports",0,0,0.39
"10421",1995,"Adventure",0,0,0.05
"10422",1993,"Misc",0,0,0.19
"10443",1991,"Sports",0,0,0.07
"10444",1991,"Sports",0,0,0.07
"10445",1995,"Platform",0.03,0.02,0
"10446",1996,"Platform",0.03,0.02,0
"10452",1999,"Fighting",0.01,0.01,0
"10481",1997,"Platform",0.03,0.02,0
"10482",1998,"Shooter",0.03,0.02,0
"10501",1998,"Adventure",0,0,0.06
"10512",1995,"Platform",0.05,0.03,0.21
"10513",1996,"Platform",0.05,0.03,0.15
"10529",1994,"Shooter",0.06,0.04,0
"10530",1995,"Shooter",0.06,0.04,0
"10531",1993,"Action",0.25,0.1,0
"10676",1999,"Fighting",0.01,0.01,0
"10678",1997,"Fighting",0.04,0.03,0.16
"10679",1999,"Fighting",0.04,0.03,0.16
"10696",1998,"Strategy",0.03,0.02,0.22
"10697",1998,"Strategy",0.03,0.02,0.22
"10717",1997,"Strategy",0,0,0.28
"10719",1994,"Adventure",0,0,0.81
"10778",1995,"Sports",0,0,0.22
"10836",1998,"Strategy",0.05,0.03,0.12
"10837",1998,"Strategy",0.05,0.03,0.12
"10866",1998,"Sports",0,0,0.15
"10879",1993,"Sports",0,0,0.05
"10886",1995,"Adventure",0,0,0.05
"10887",1995,"Adventure",0,0,0.06
"10893",1999,"Sports",0.23,0.06,0
"10917",1997,"Fighting",0.01,0.01,0
"10918",1998,"Fighting",0.01,0.01,0
"10920",1994,"Action",0,0,0.07
"10921",1994,"Role-Playing",0,0,0.07
"10947",1997,"Strategy",0,0,0.15
"10951",1991,"Strategy",0,0,0.33
"10952",1991,"Strategy",0,0,0.33
"10956",1998,"Action",0,0,0.25
"10957",1998,"Strategy",0,0,0.25
"10968",1994,"Action",0,0,0.03
"10969",1994,"Action",0,0,0.03
"10986",1994,"Shooter",0.08,0.06,0.21
"10987",1995,"Shooter",0.08,0.06,0.21
"10996",1995,"Fighting",2.26,0.72,0.12
"10999",1996,"Fighting",0.61,0.19,0
"11004",1999,"Racing",0.03,0.02,0
"11009",1996,"Fighting",0.03,0.02,0
"11064",1995,"Role-Playing",0.09,0.06,0
"11065",1995,"Role-Playing",0.09,0.06,0
"11066",1994,"Role-Playing",0,0,0.08
"11067",1996,"Role-Playing",0.08,0.06,0.11
"11068",1996,"Role-Playing",0.08,0.06,0.11
"11137",1996,"Platform",0.26,0.07,1.09
"11146",1993,"Platform",0.79,0.14,0.8
"11147",1995,"Puzzle",0,0,0.32
"11148",1996,"Puzzle",0,0,0.32
"11151",1994,"Sports",0,0,0.59
"11152",1995,"Sports",0,0,0.59
"11153",1992,"Platform",2.71,0.61,1.7
"11154",1995,"Platform",0.69,0.14,1.48
"11155",1997,"Platform",0,0,0.36
"11157",1992,"Misc",0.87,0.17,1.1
"11159",1997,"Puzzle",0,0,0.22
"11166",1990,"Puzzle",0.14,0.01,0
"11177",1997,"Platform",0,0,0.17
"11178",1998,"Platform",0,0,0.17
"11183",1998,"Shooter",0.06,0.02,0
"11184",1998,"Shooter",0.06,0.02,0
"11197",1997,"Fighting",1.07,0.39,0
"11198",1998,"Fighting",1.07,0.39,0
"11199",1999,"Fighting",0.63,0.27,0
"11200",1999,"Fighting",0.63,0.27,0
"11201",1999,"Fighting",1.02,0.34,0
"11202",1999,"Fighting",1.02,0.34,0
"11215",1998,"Sports",1.02,0.13,0.04
"11235",1999,"Misc",0.02,0.01,0
"11236",1999,"Misc",0.02,0.01,0
"11262",1995,"Strategy",0,0,0.03
"11279",1999,"Role-Playing",0.05,0.03,0
"11280",1999,"Role-Playing",0.05,0.03,0
"11285",1997,"Adventure",0,0,0.14
"11286",1995,"Simulation",0.04,0.03,0
"11287",1996,"Simulation",0.04,0.03,0
"11345",1998,"Puzzle",0,0,0.32
"11346",1999,"Puzzle",0,0,0.32
"11347",1999,"Puzzle",0,0,0.32
"11388",1991,"Role-Playing",0,0,0.05
"11392",1996,"Strategy",0,0,0.2
"11393",1997,"Strategy",0,0,0.11
"11394",1998,"Strategy",0,0,0.09
"11404",1996,"Fighting",0,0,0.13
"11405",1997,"Fighting",0,0,0.13
"11448",1999,"Adventure",0.58,0.4,0
"11465",1998,"Role-Playing",0.37,0.25,0
"11466",1999,"Role-Playing",0.37,0.25,0
"11467",1999,"Role-Playing",0.18,0.13,0.73
"11656",1999,"Racing",0.51,0.18,0
"11657",1999,"Racing",0.2,0.14,0
"11668",1999,"Strategy",0.06,0.04,0
"11749",1999,"Action",0,0.01,0
"11750",1999,"Simulation",0,0.01,0
"11802",1993,"Shooter",0,0,0.09
"11803",1994,"Shooter",0,0,0.09
"11804",1996,"Shooter",0.02,0.01,0
"11805",1997,"Shooter",0.02,0.01,0
"11892",1994,"Role-Playing",0,0,0.32
"11893",1994,"Role-Playing",0,0,0.32
"11913",1998,"Action",0.08,0.02,0
"11914",1999,"Action",0.08,0.02,0
"11946",1991,"Action",0,0,0.28
"11947",1994,"Strategy",0,0,0.28
"12023",1998,"Action",0.13,0.09,0
"12024",1998,"Platform",0.13,0.09,0
"12048",1996,"Adventure",0,0,0.11
"12049",1997,"Adventure",0,0,0.11
"12050",1998,"Role-Playing",0,0,0.12
"12051",1999,"Role-Playing",0.19,0.13,0
"12053",1994,"Role-Playing",0,0,0.14
"12062",1996,"Role-Playing",0,0,0.23
"12063",1998,"Role-Playing",0.27,0.18,0.06
"12064",1999,"Role-Playing",0.27,0.18,0.06
"12065",1997,"Role-Playing",0,0,0.21
"12096",1997,"Fighting",0.15,0.04,0
"12097",1997,"Fighting",0.15,0.04,0
"12105",1996,"Shooter",0.04,0.03,0
"12110",1997,"Simulation",0,0,0.28
"12111",1997,"Simulation",0,0,0.28
"12135",1997,"Sports",0.81,0.04,0
"12136",1997,"Sports",0.81,0.04,0
"12267",1999,"Sports",0.58,0.02,0
"12268",1999,"Sports",0.58,0.02,0
"12269",1998,"Sports",1.68,0.04,0
"12270",1999,"Sports",1.68,0.04,0
"12322",1996,"Sports",0.73,0.5,0
"12323",1996,"Sports",0.73,0.5,0
"12324",1997,"Sports",1.29,0.03,0
"12325",1997,"Sports",1.29,0.03,0
"12326",1998,"Sports",0.84,0.05,0
"12327",1998,"Sports",0.84,0.05,0
"12328",1998,"Sports",1.66,0.04,0
"12329",1998,"Sports",1.66,0.04,0
"12332",1998,"Role-Playing",0,0,0.03
"12354",1995,"Shooter",0.03,0.02,0
"12355",1996,"Shooter",0.03,0.02,0
"12360",1997,"Strategy",0.07,0.05,0
"12363",1997,"Puzzle",0.13,0.02,0.05
"12364",1998,"Puzzle",0.13,0.02,0.05
"12399",1996,"Misc",0,0,0.09
"12400",1996,"Misc",0,0,0.09
"12433",1994,"Role-Playing",0,0,0.08
"12517",1998,"Sports",0.75,0.03,0
"12584",1997,"Role-Playing",0,0,0.23
"12606",1993,"Puzzle",0,0,0.49
"12611",1999,"Action",0,0,0.31
"12612",1999,"Sports",0,0,0.31
"12613",1999,"Action",0.62,0.18,0.65
"12618",1996,"Racing",5.55,1.94,2.23
"12625",1995,"Puzzle",0,0,0.41
"12626",1992,"Misc",1.43,0.54,0.71
"12627",1998,"Misc",1.25,0.53,0.87
"12629",1999,"Misc",1.28,0.14,1.08
"12663",1995,"Puzzle",0,0,0.62
"12703",1997,"Fighting",0.19,0.13,0
"12704",1997,"Fighting",0.19,0.13,0
"12705",1997,"Fighting",0,0,0.06
"12706",1998,"Fighting",0.14,0.1,0
"12707",1999,"Fighting",0.14,0.1,0
"12716",1999,"Fighting",0,0,0.1
"12717",1999,"Fighting",0.43,0.3,0
"12746",1997,"Shooter",0.06,0.04,0
"12747",1997,"Shooter",0.06,0.04,0
"12768",1997,"Strategy",0.02,0.01,0
"12769",1998,"Strategy",0.02,0.01,0
"12819",1997,"Shooter",0.06,0.04,0
"12820",1997,"Shooter",0.06,0.04,0
"12842",1997,"Shooter",0.11,0.08,0
"12843",1998,"Shooter",0.11,0.08,0
"12859",1997,"Simulation",0.2,0.14,0
"12872",1998,"Shooter",1.44,1.09,0
"12873",1999,"Shooter",1.44,1.09,0
"12906",1999,"Role-Playing",0,0,0.54
"12911",1997,"Role-Playing",0,0,0.4
"12917",1998,"Adventure",0.46,0.31,0
"12918",1998,"Platform",0.46,0.31,0
"12919",1999,"Action",0.21,0.14,0
"12931",1990,"Platform",0.68,0.1,0.39
"12932",1991,"Platform",0.51,0.09,0.32
"12933",1992,"Platform",0.51,0.09,0.32
"12934",1992,"Platform",0.39,0.07,0.32
"12935",1993,"Platform",0.28,0.07,0.16
"12936",1994,"Platform",0.28,0.07,0.16
"12939",1995,"Platform",0.03,0.01,0.23
"12940",1995,"Platform",0.03,0.01,0.23
"12941",1996,"Platform",0.44,0.3,0.09
"12942",1997,"Platform",0.44,0.3,0.09
"12943",1997,"Platform",0,0,0.06
"12965",1991,"Platform",0,0,0.28
"12966",1992,"Platform",0,0,0.28
"12967",1992,"Platform",0,0,0.18
"12968",1993,"Platform",0,0,0.13
"12974",1997,"Adventure",0.39,0.26,0.12
"12975",1998,"Adventure",0.39,0.26,0.12
"12982",1993,"Sports",0.04,0.01,0.13
"12983",1994,"Sports",0.04,0.01,0.13
"12990",1993,"Platform",0.57,0.08,0.5
"13003",1993,"Platform",0.09,0.02,0.45
"13004",1994,"Platform",0.09,0.02,0.45
"13005",1995,"Action",0.04,0.01,0.3
"13006",1995,"Platform",0.04,0.01,0.3
"13007",1996,"Action",0.45,0.3,0.22
"13008",1997,"Platform",0.45,0.3,0.22
"13009",1997,"Action",0,0,0.07
"13010",1997,"Platform",0,0,0.07
"13028",1997,"Racing",0,0,0.06
"13029",1998,"Racing",0,0,0.06
"13030",1991,"Platform",0,0,0.28
"13031",1991,"Platform",0,0,0.28
"13105",1996,"Strategy",0,0,0.01
"13128",1998,"Action",3.18,1.83,0.78
"13153",1999,"Adventure",0,0,0.1
"13154",1999,"Adventure",0,0,0.1
"13171",1999,"Adventure",0.66,0.45,0
"13172",1999,"Adventure",0.66,0.45,0
"13200",1995,"Role-Playing",0,0,0.04
"13238",1991,"Adventure",0.85,0.31,0.56
"13272",1999,"Racing",0.11,0.03,0
"13273",1999,"Racing",0.11,0.03,0
"13274",1997,"Racing",0.06,0.04,0
"13275",1997,"Racing",0.06,0.04,0
"13281",1996,"Simulation",3.22,1.69,0
"13282",1996,"Simulation",3.22,1.69,0
"13340",1996,"Misc",0.52,0.36,0
"13341",1996,"Misc",0.52,0.36,0
"13355",1998,"Sports",0.05,0.01,0
"13367",1998,"Sports",0.08,0.02,0
"13368",1998,"Sports",0.08,0.02,0
"13413",1997,"Strategy",0,0,0.37
"13414",1996,"Racing",0,0,0.9
"13451",1997,"Platform",0.25,0.06,0.07
"13456",1999,"Shooter",0.25,0.17,0
"13457",1999,"Shooter",0.25,0.17,0
"13460",1997,"Action",0.74,0.38,0.02
"13461",1998,"Action",0.74,0.38,0.02
"13462",1999,"Action",0.29,0.2,0
"13463",1999,"Action",0.29,0.2,0
"13514",1999,"Sports",0.52,0.35,0
"13524",1998,"Sports",0.48,0.32,0
"13530",1996,"Sports",0.16,0.11,0
"13561",1995,"Action",0,0,0.42
"13562",1995,"Action",0,0,0.42
"13563",1995,"Action",0,0,0.41
"13564",1995,"Action",0,0,0.41
"13582",1996,"Shooter",0,0,0.28
"13583",1996,"Shooter",0,0,0.28
"13584",1996,"Shooter",0,0,0.2
"13585",1996,"Shooter",0,0,0.2
"13586",1997,"Shooter",0,0,0.15
"13587",1997,"Shooter",0,0,0.15
"13591",1996,"Action",0,0,0.36
"13592",1996,"Action",0,0,0.36
"13624",1997,"Strategy",0,0,0.14
"13625",1997,"Strategy",0,0,0.14
"13631",1997,"Action",0,0,0.34
"13632",1997,"Action",0,0,0.34
"13652",1997,"Misc",0,0,0.13
"13661",1997,"Simulation",0,0,0.74
"13663",1996,"Misc",0,0,0.32
"13665",1999,"Misc",0,0,0.44
"13670",1999,"Racing",0.03,0.01,0
"13673",1998,"Action",0.04,0.03,0
"13674",1999,"Action",0.04,0.03,0
"13683",1999,"Misc",0.17,0.04,0
"13684",1994,"Misc",1.49,0.81,0
"13685",1995,"Misc",1.49,0.81,0
"13686",1997,"Misc",1.18,0.27,0
"13803",1997,"Simulation",0.12,0.08,0.74
"13804",1998,"Simulation",0.19,0.13,0.66
"13823",1999,"Racing",0.24,0.06,0
"13824",1999,"Racing",0.24,0.06,0
"13857",1997,"Adventure",0,0,0.17
"13858",1997,"Role-Playing",0,0,0.17
"13863",1992,"Fighting",1.95,0.63,0
"13864",1993,"Fighting",1.95,0.63,0
"13865",1994,"Fighting",0.02,0,0
"13874",1994,"Fighting",1.03,0.27,0
"13875",1995,"Fighting",1.03,0.27,0
"13876",1995,"Fighting",0.29,0.2,0.02
"13877",1994,"Fighting",1.19,0.29,0
"13878",1995,"Fighting",1.19,0.29,0
"13879",1998,"Fighting",0.55,0.17,0
"13880",1998,"Fighting",0.55,0.17,0
"13881",1998,"Fighting",0.81,0.55,0
"13882",1998,"Fighting",0.81,0.55,0
"13883",1993,"Fighting",1.48,0.39,0
"13884",1994,"Fighting",1.48,0.39,0
"13885",1994,"Fighting",0,0,0.03
"13886",1994,"Fighting",1.78,0.53,0
"13888",1997,"Fighting",0.32,0.07,0
"13889",1997,"Fighting",0.38,0.26,0
"13890",1997,"Platform",0.38,0.26,0
"13891",1996,"Fighting",0.72,0.22,0
"13892",1996,"Fighting",0.72,0.22,0
"13893",1996,"Fighting",1.98,0.7,0
"13894",1996,"Fighting",1.98,0.7,0
"13938",1997,"Racing",0.45,0.3,0
"13939",1997,"Racing",0.39,0.26,0
"13940",1998,"Racing",0.39,0.26,0
"13996",1994,"Racing",0,0,0.06
"13998",1998,"Racing",0.02,0.01,0
"13999",1998,"Racing",0.02,0.01,0
"14045",1999,"Puzzle",0.02,0.01,0
"14051",1997,"Racing",0.2,0.05,0
"14066",1999,"Misc",0.26,0.18,0
"14082",1999,"Racing",0.09,0.06,0
"14310",1994,"Adventure",0.02,2.79,0
"14311",1995,"Adventure",0,0,0.07
"14312",1996,"Adventure",0,0,0.07
"14314",1994,"Adventure",0,0,0.06
"14315",1995,"Adventure",0,0,0.06
"14327",1995,"Role-Playing",0,0,0.4
"14338",1995,"Role-Playing",0,0,0.13
"14339",1995,"Role-Playing",0,0,0.13
"14345",1997,"Action",0.07,0.02,0.23
"14346",1998,"Action",0.07,0.02,0.23
"14359",1998,"Racing",0.09,0.06,0
"14360",1998,"Racing",0.09,0.06,0
"14367",1997,"Sports",0.07,0.05,0
"14368",1997,"Sports",0.07,0.05,0
"14369",1997,"Sports",0.15,0.04,0.13
"14370",1998,"Sports",0.15,0.04,0.13
"14387",1999,"Misc",1.24,0.17,0.03
"14388",1999,"Misc",1.24,0.17,0.03
"14399",1995,"Misc",2.12,1.44,0.22
"14400",1996,"Misc",2.12,1.44,0.22
"14401",1996,"Misc",0.03,0.02,0.21
"14402",1996,"Misc",0.03,0.02,0.21
"14403",1996,"Misc",2.28,1.55,0.16
"14404",1997,"Misc",2.28,1.55,0.16
"14405",1996,"Misc",0.02,0.01,0.16
"14406",1997,"Misc",0.02,0.01,0.16
"14407",1996,"Misc",0.02,0.01,0.12
"14408",1997,"Misc",0.02,0.01,0.12
"14419",1995,"Sports",0,0,0.12
"14420",1996,"Sports",0,0,0.12
"14421",1995,"Sports",0,0,0.23
"14422",1996,"Sports",0,0,0.23
"14451",1997,"Shooter",0.01,0.01,0
"14584",1999,"Racing",0.49,0.03,0
"14585",1999,"Racing",0.49,0.03,0
"14586",1999,"Racing",0.88,0.6,0
"14587",1999,"Racing",0.88,0.6,0
"14601",1996,"Racing",1.43,0.05,0
"14602",1997,"Racing",1.43,0.05,0
"14603",1998,"Racing",0.94,0.04,0
"14604",1998,"Racing",0.94,0.04,0
"14605",1998,"Racing",1.45,0.04,0
"14606",1998,"Racing",1.45,0.04,0
"14619",1996,"Racing",0.23,0.16,0
"14620",1996,"Racing",0.23,0.16,0
"14701",1999,"Sports",0,0,0.05
"14831",1999,"Sports",0.2,0.05,0
"14833",1997,"Sports",0.48,0.08,0
"14834",1997,"Sports",0.48,0.08,0
"14835",1996,"Sports",0.03,0.02,0
"14836",1997,"Sports",0.03,0.02,0
"14839",1995,"Sports",0.16,0.11,0
"14840",1995,"Sports",0.16,0.11,0
"14841",1997,"Sports",0.25,0.02,0
"14842",1998,"Sports",0.25,0.02,0
"14843",1998,"Sports",0.04,0,0
"14844",1999,"Sports",0.04,0,0
"14853",1992,"Sports",1.75,0.25,0
"14854",1993,"Sports",1.75,0.25,0
"14858",1994,"Sports",1.19,0.16,0
"14864",1999,"Sports",0.12,0.01,0
"14866",1998,"Sports",0.25,0.02,0
"14867",1996,"Sports",0.12,0.08,0
"14868",1994,"Sports",0.95,0.14,0
"14869",1995,"Sports",0.95,0.14,0
"14870",1995,"Sports",0.14,0.09,0
"14871",1995,"Sports",0.87,0.12,0
"14872",1995,"Sports",0.14,0.09,0
"14924",1999,"Sports",0.42,0.02,0
"14925",1999,"Sports",0.42,0.02,0
"14926",1998,"Sports",1.43,0.05,0
"14927",1999,"Sports",1.43,0.05,0
"14956",1996,"Sports",0.16,0.11,0.04
"14957",1996,"Sports",0.55,0.38,0
"14958",1996,"Sports",0.55,0.38,0
"14959",1997,"Sports",1.41,0.06,0
"14960",1997,"Sports",1.41,0.06,0
"14961",1998,"Sports",0.45,0.02,0
"14962",1998,"Sports",0.45,0.02,0
"14963",1997,"Sports",1.13,0.05,0
"14964",1998,"Sports",1.13,0.05,0
"14965",1995,"Sports",0.17,0.12,0
"14966",1996,"Sports",0.17,0.12,0
"14967",1997,"Sports",0.35,0.24,0
"14968",1999,"Sports",0.22,0.15,0
"14974",1998,"Sports",0.43,0.29,0
"14975",1999,"Sports",0.23,0.02,0
"14976",1999,"Sports",0.31,0.21,0
"15009",1997,"Sports",0.08,0.05,0
"15014",1999,"Sports",0.21,0.14,0
"15070",1999,"Sports",0.53,0.36,0
"15071",1999,"Sports",0.53,0.36,0
"15093",1997,"Sports",0.39,0.27,0
"15094",1997,"Sports",0.39,0.27,0
"15095",1998,"Sports",0.59,0.4,0
"15096",1998,"Sports",0.59,0.4,0
"15097",1996,"Sports",0.15,0.1,0
"15098",1999,"Sports",0.22,0.15,0
"15103",1998,"Sports",0.25,0.17,0
"15135",1998,"Strategy",0.02,0.01,0
"15136",1998,"Strategy",0.02,0.01,0
"15149",1998,"Racing",2.14,0.86,0
"15168",1999,"Racing",1.58,0.64,0
"15169",1999,"Racing",1.58,0.64,0
"15202",1999,"Racing",0.43,0.29,0
"15235",1997,"Racing",0.43,0.29,0.09
"15236",1997,"Racing",0.43,0.29,0.09
"15252",1998,"Strategy",0,0,0.09
"15259",1999,"Action",0,0,0.06
"15260",1999,"Adventure",0,0,0.06
"15261",1996,"Adventure",0,0,0.44
"15262",1997,"Role-Playing",0,0,0.42
"15274",1991,"Sports",0.41,0.1,0.47
"15336",1999,"Sports",1.12,0.05,0
"15344",1998,"Sports",1.02,0.04,0
"15345",1998,"Sports",1.41,0.05,0
"15352",1999,"Sports",0.55,0.02,0
"15353",1998,"Sports",0.6,0.41,0
"15354",1999,"Sports",0.6,0.41,0
"15365",1995,"Sports",0.47,0.32,0
"15366",1996,"Sports",0.47,0.32,0
"15367",1996,"Sports",0.48,0.33,0
"15368",1999,"Sports",1,0.68,0
"15376",1997,"Sports",1.58,0.06,0
"15377",1998,"Sports",1.44,0.05,0
"15387",1999,"Sports",0.37,0.03,0
"15390",1996,"Sports",0.12,0.08,0
"15391",1997,"Sports",1.01,0.05,0
"15392",1998,"Sports",0.59,0.02,0
"15412",1998,"Sports",0.38,0.26,0
"15413",1999,"Sports",0.27,0.18,0
"15479",1998,"Sports",0.48,0.33,0
"15480",1999,"Sports",0.48,0.33,0
"15546",1996,"Sports",0.26,0.18,0
"15547",1996,"Sports",0.26,0.18,0
"15548",1997,"Sports",0.51,0.35,0
"15549",1997,"Sports",0.51,0.35,0
"15550",1998,"Sports",0.38,0.01,0
"15551",1998,"Sports",0.38,0.01,0
"15552",1997,"Sports",0.59,0.4,0
"15553",1998,"Sports",0.59,0.4,0
"15554",1999,"Sports",0.05,0,0
"15555",1999,"Sports",0.05,0,0
"15556",1999,"Sports",0.02,0.01,0
"15558",1998,"Sports",0.3,0.02,0
"15559",1996,"Sports",0.08,0.05,0
"15560",1997,"Sports",0.08,0.05,0
"15561",1998,"Sports",0.07,0.01,0
"15562",1998,"Sports",0.12,0.08,0
"15563",1999,"Sports",0.12,0.08,0
"15564",1994,"Sports",0.25,0.17,0
"15565",1995,"Sports",0.25,0.17,0
"15566",1996,"Sports",0.26,0.17,0
"15567",1998,"Sports",0.17,0.12,0
"15568",1999,"Sports",0.17,0.12,0
"15572",1997,"Sports",0.28,0.19,0
"15573",1997,"Sports",0.24,0.16,0
"15574",1998,"Sports",0.24,0.16,0
"15585",1996,"Sports",0.04,0.03,0
"15586",1996,"Sports",0.06,0.04,0
"15587",1997,"Sports",0.03,0.02,0
"15589",1999,"Sports",0.14,0.1,0
"15608",1995,"Misc",0,0,0.28
"15658",1995,"Adventure",0,0,0.03
"15659",1995,"Fighting",0,0,0.34
"15660",1996,"Fighting",0,0,0.34
"15665",1996,"Action",0.21,0.05,0
"15666",1997,"Action",0.21,0.05,0
"15667",1997,"Action",0.35,0.24,0
"15668",1997,"Action",0.35,0.24,0
"15672",1996,"Platform",0,0,0.43
"15684",1996,"Misc",0,0,0.02
"15719",1993,"Action",0,0,0.07
"15720",1994,"Action",0,0,0.07
"15721",1998,"Action",0.21,0.14,0
"15735",1990,"Sports",0.28,0.5,0.65
"15740",1998,"Sports",0,0,0.12
"15745",1996,"Misc",0,0,0.03
"15754",1998,"Sports",0.07,0.05,0
"15755",1999,"Sports",0.07,0.05,0
"15768",1998,"Misc",0.04,0.03,0
"15769",1998,"Misc",0.04,0.03,0
"15771",1999,"Sports",0,0,0.3
"15772",1999,"Sports",0,0,0.3
"15781",1993,"Strategy",0.3,0,0.32
"15782",1993,"Strategy",0.3,0,0.32
"15787",1999,"Strategy",0,0,0.19
"15788",1999,"Strategy",0,0,0.19
"15795",1995,"Strategy",0,0,0.11
"15796",1995,"Strategy",0,0,0.11
"15797",1996,"Strategy",0,0,0.17
"15798",1996,"Strategy",0,0,0.17
"15823",1998,"Adventure",0,0,0.07
"15824",1996,"Adventure",0,0,0.2
"15826",1996,"Adventure",0,0,0.36
"15834",1997,"Action",0.04,0.03,0
"15845",1995,"Shooter",0.02,0.02,0
"15854",1997,"Simulation",0.66,0.45,0
"15855",1999,"Simulation",0.09,0.02,0
"15862",1997,"Adventure",0.07,0.05,0
"15863",1998,"Adventure",0.07,0.05,0
"15883",1998,"Platform",0.55,0.38,0
"15884",1997,"Platform",0.75,0.44,0
"15900",1998,"Racing",0.27,0.06,0
"15901",1998,"Racing",0.27,0.06,0
"15903",1995,"Racing",0.09,0.06,0
"15905",1999,"Role-Playing",0.1,0.02,0.25
"15907",1996,"Role-Playing",0.06,0.04,0.09
"15908",1997,"Role-Playing",0.06,0.04,0.09
"15909",1997,"Role-Playing",0.04,0.03,0
"15910",1998,"Role-Playing",0.04,0.03,0
"15913",1998,"Strategy",0,0,0.06
"15914",1998,"Strategy",0,0,0.03
"15931",1998,"Sports",0.05,0.01,0
"15932",1998,"Sports",0.05,0.01,0
"15933",1996,"Sports",0.03,0.02,0
"15934",1996,"Sports",0.03,0.02,0
"15935",1996,"Sports",0.06,0.04,0
"15936",1996,"Sports",0.06,0.04,0
"15937",1999,"Shooter",0.17,0.11,0.2
"16048",1998,"Racing",0,0,0.09
"16088",1992,"Adventure",0,0,0.16
"16149",1996,"Action",0.05,0.04,0.21
"16150",1997,"Action",0.05,0.04,0.21
"16151",1998,"Action",0,0,0.06
"16195",1993,"Puzzle",0.27,0.08,0.85
"16228",1998,"Action",1.21,0.14,0.1
"16229",1999,"Action",1.21,0.14,0.1
"16256",1999,"Misc",0,0,0.5
"16260",1998,"Misc",0,0,0.15
"16264",1993,"Misc",0,0,0.05
"16291",1997,"Platform",0.04,0.02,0
"16292",1997,"Platform",0.04,0.02,0
"16293",1996,"Platform",0.12,0.08,0
"16294",1996,"Platform",0.12,0.08,0
"16299",1995,"Shooter",0,0,0.37
"16300",1995,"Shooter",0,0,0.31
"16301",1996,"Shooter",0,0,0.31
"16304",1997,"Role-Playing",0,0,0.11
"16305",1998,"Role-Playing",0,0,0.11
"16306",1995,"Strategy",0.14,0.09,0
"16307",1996,"Strategy",0.14,0.09,0
"16313",1999,"Action",0.19,0.05,0
"16321",1996,"Misc",0.26,0.16,1.46
"16322",1997,"Misc",0.26,0.16,1.46
"16328",1998,"Role-Playing",0.94,0.07,1.05
"16329",1999,"Role-Playing",0.32,0.22,0
"16337",1996,"Misc",0,0,0.07
"16338",1996,"Misc",0,0,0.19
"16339",1994,"Shooter",0,0,0.31
"16340",1996,"Shooter",0,0,0.31
"16341",1995,"Shooter",0,0,0.16
"16342",1996,"Shooter",0,0,0.16
"16391",1999,"Strategy",0,0,0.04
"16392",1999,"Strategy",0,0,0.04
"16408",1997,"Racing",0.02,0.01,0
"16409",1997,"Racing",0.02,0.01,0
"16410",1994,"Sports",0,0,0.02
"16411",1995,"Sports",0,0,0.02
"16430",1998,"Racing",0.05,0.01,0
"16431",1999,"Racing",0.05,0.01,0
"16432",1996,"Racing",0,0,0.23
"16435",1998,"Racing",0,0,0.06
"16436",1999,"Racing",0,0,0.06
"16445",1996,"Action",0.13,0.09,0
"16446",1996,"Action",0.13,0.09,0
"16448",1995,"Role-Playing",0,0,0.42
"16449",1996,"Role-Playing",0,0,0.42
"16489",1997,"Strategy",0,0,0.38
"16490",1998,"Strategy",0,0,0.38
"16551",1995,"Sports",0.13,0.09,0
"16552",1995,"Sports",0.13,0.09,0
"16553",1996,"Sports",0.16,0.11,0
"16554",1996,"Sports",0.16,0.11,0
"16597",1998,"Strategy",0,0.02,0
"16598",1999,"Strategy",0,0.02,0
"16604",1995,"Shooter",0.03,0.02,0
"16605",1996,"Shooter",0.03,0.02,0
"16631",1996,"Puzzle",0,0,0.35
"16658",1990,"Simulation",0.46,0.17,0.48
"16659",1996,"Simulation",0.56,0.24,0.3
"16728",1996,"Sports",0.01,0.01,0
"16729",1996,"Sports",0.01,0.01,0
"16730",1998,"Platform",0.18,0.12,0
"16746",1998,"Role-Playing",0.01,0.02,0
"16747",1999,"Role-Playing",0.01,0.02,0
"16796",1996,"Shooter",0.02,0.01,0
"16797",1997,"Shooter",0.02,0.01,0
"16800",1997,"Fighting",0.06,0.04,0.12
"16801",1998,"Fighting",0.06,0.04,0.12
"16802",1998,"Fighting",0,0,0.03
"16803",1998,"Strategy",0,0,1.37
"16811",1997,"Shooter",0.05,0.03,0.23
"16812",1998,"Shooter",0.05,0.03,0.23
"16813",1998,"Shooter",0.02,0.02,0
"16814",1999,"Shooter",0.02,0.02,0
"16832",1999,"Role-Playing",9,6.18,7.2
"16838",1999,"Misc",3.02,1.12,1.01
"16846",1999,"Simulation",2.23,0.68,0.66
"16847",1999,"Strategy",3.18,1.24,0.94
"16871",1995,"Adventure",0,0,0.06
"16872",1995,"Adventure",0,0,0.06
"16877",1998,"Puzzle",0.56,0.38,0
"16878",1999,"Puzzle",0.56,0.38,0
"16909",1993,"Platform",0,0,0.06
"16910",1994,"Platform",0,0,0.06
"16924",1996,"Role-Playing",0,0,0.46
"16932",1998,"Strategy",0.05,0.04,0
"16933",1999,"Strategy",0.05,0.04,0
"16936",1997,"Racing",0.05,0.03,0
"16968",1998,"Sports",0,0,0.07
"16969",1998,"Sports",0,0,0.07
"16970",1999,"Sports",0,0,0.17
"16971",1999,"Sports",0,0,0.17
"17024",1997,"Sports",0,0,0.15
"17025",1998,"Fighting",0,0,0.14
"17026",1999,"Fighting",0,0,0.14
"17036",1996,"Shooter",0.02,0.01,0
"17037",1997,"Shooter",0.02,0.01,0
"17039",1997,"Action",0.01,0.01,0
"17040",1997,"Action",0.01,0.01,0
"17075",1994,"Fighting",0.06,0.04,0
"17076",1995,"Fighting",0.06,0.04,0
"17128",1995,"Simulation",0,0,0.08
"17129",1997,"Strategy",0,0,0.18
"17263",1996,"Misc",0.23,0.15,0
"17264",1996,"Misc",0.23,0.15,0
"17265",1999,"Simulation",0.37,0.25,0
"17284",1997,"Sports",0,0,0.21
"17285",1998,"Sports",0,0,0.09
"17316",1999,"Sports",0,0,0.23
"17318",1998,"Sports",0,0,0.25
"17360",1996,"Shooter",0.14,0.09,0
"17361",1996,"Shooter",0.14,0.09,0
"17367",1998,"Strategy",0,0,0.13
"17373",1995,"Shooter",0.03,0.02,0.05
"17374",1996,"Shooter",0.03,0.02,0.05
"17387",1995,"Adventure",0.01,0,0
"17388",1996,"Fighting",0.01,0.01,0.13
"17460",1997,"Puzzle",0,0,0.6
"17461",1997,"Puzzle",0,0,0.16
"17462",1997,"Puzzle",0,0,1.07
"17473",1994,"Misc",0,0,0.03
"17503",1997,"Puzzle",0.01,0.01,0
"17519",1999,"Puzzle",0.46,0.32,0
"17520",1999,"Puzzle",0.46,0.32,0
"17521",1990,"Puzzle",0.51,0.2,0.41
"17522",1998,"Shooter",0.15,0.04,0
"17523",1998,"Shooter",0.15,0.04,0
"17526",1999,"Shooter",0.24,0.06,0
"17527",1998,"Shooter",0.23,0.16,0
"17528",1999,"Shooter",0.23,0.16,0
"17542",1998,"Role-Playing",0.38,0.08,0
"17543",1998,"Role-Playing",0.38,0.08,0
"17558",1995,"Strategy",0,0,0.08
"17564",1998,"Shooter",0.01,0.01,0
"17565",1999,"Shooter",0.01,0.01,0
"17571",1998,"Shooter",0.04,0.02,0
"17572",1999,"Shooter",0.04,0.02,0
"17583",1990,"Sports",0.12,0,1.3
"17589",1991,"Sports",0.1,0,1.08
"17594",1998,"Simulation",0.04,0.03,0
"17595",1999,"Simulation",0.04,0.03,0
"17596",1998,"Racing",0.68,0.46,0.79
"17597",1999,"Racing",0.68,0.46,0.79
"17613",1999,"Racing",0,0,0.15
"17622",1998,"Shooter",0,0,0.03
"17628",1996,"Racing",0.16,0.11,0.83
"17629",1997,"Racing",0.16,0.11,0.83
"17651",1999,"Strategy",0.06,0.04,0
"17672",1999,"Racing",0.03,0.01,0
"17676",1997,"Racing",0.18,0.12,0
"17677",1998,"Racing",0.19,0.13,0
"17682",1999,"Action",0.18,0.04,0
"17683",1999,"Action",0.18,0.04,0
"17684",1998,"Action",0.13,0.09,0
"17685",1999,"Action",0.13,0.09,0
"17686",1998,"Action",0.36,0.08,0
"17687",1998,"Action",0.36,0.08,0
"17688",1997,"Action",0.47,0.32,0
"17689",1997,"Action",0.47,0.32,0
"17693",1995,"Adventure",0,0,0.03
"17702",1993,"Role-Playing",0,0,0.11
"17726",1995,"Shooter",0,0,0.09
"17729",1998,"Action",0.24,0.16,0
"17730",1998,"Action",0.24,0.16,0
"17732",1999,"Puzzle",0.03,0.02,0
"17792",1997,"Racing",0.04,0.02,0
"17793",1997,"Racing",0.04,0.02,0
"17794",1999,"Shooter",0.01,0.01,0
"17796",1995,"Platform",1.54,1.33,0
"17800",1999,"Platform",0.4,0.22,0
"17838",1997,"Shooter",0.04,0.03,0
"17839",1997,"Shooter",0.04,0.03,0
"17844",1999,"Sports",0.26,0.17,0
"17848",1999,"Racing",0.14,0.04,0
"17849",1998,"Racing",0.11,0.07,0
"17850",1999,"Racing",0.11,0.07,0
"17864",1999,"Sports",0.47,0.11,0
"17865",1998,"Sports",0.6,0.41,0
"17866",1999,"Sports",0.6,0.41,0
"17871",1996,"Fighting",0,0,0.1
"17872",1998,"Fighting",0,0,0.05
"17881",1998,"Shooter",0,0,0.07
"17886",1997,"Adventure",0,0,0.07
"17926",1994,"Role-Playing",0,0,0.06
"17972",1996,"Sports",0.99,0.13,0.1
"17973",1998,"Sports",0.99,0.13,0.1
"17993",1996,"Action",0.09,0.06,0
"17994",1996,"Action",0.09,0.06,0
"18007",1999,"Racing",0.01,0.01,0
"18018",1996,"Action",2.05,1.16,1.11
"18020",1997,"Action",0,0,0.17
"18026",1999,"Action",0.39,0.09,0.07
"18027",1999,"Action",0.39,0.09,0.07
"18028",1998,"Action",1.88,1.47,2.02
"18029",1998,"Action",0,0,0.26
"18031",1999,"Action",1.3,0.77,1.54
"18059",1996,"Action",1.82,1.24,0.47
"18062",1997,"Action",0,0,0.16
"18119",1996,"Strategy",0.05,0.03,0
"18125",1995,"Shooter",0.06,0.04,0
"18126",1996,"Shooter",0.06,0.04,0
"18135",1998,"Role-Playing",0.02,0.01,0
"18162",1994,"Racing",0,0,0.74
"18163",1995,"Racing",0,0,0.74
"18178",1995,"Racing",0.17,0.12,0.71
"18179",1996,"Racing",0.17,0.12,0.71
"18230",1998,"Action",0.01,0.01,0
"18231",1999,"Action",0.01,0.01,0
"18235",1998,"Fighting",0.12,0.08,0.28
"18236",1997,"Adventure",1.52,0.82,0
"18237",1997,"Adventure",0.18,0.12,0
"18266",1995,"Racing",0.56,0.38,0
"18267",1996,"Racing",0.56,0.38,0
"18270",1995,"Racing",0.71,0.48,0
"18271",1998,"Racing",1.05,0.16,0
"18272",1999,"Racing",0.19,0.05,0
"18275",1999,"Racing",0.22,0.15,0
"18286",1999,"Racing",0.06,0.13,0
"18295",1995,"Fighting",0.02,0.01,0
"18296",1996,"Fighting",0.02,0.01,0
"18315",1994,"Shooter",0,0,0.06
"18316",1995,"Shooter",0,0,0.06
"18323",1998,"Shooter",0.07,0.02,0
"18324",1998,"Shooter",0.07,0.02,0
"18325",1996,"Shooter",0.05,0.03,0
"18326",1996,"Shooter",0.05,0.03,0
"18384",1993,"Racing",0,0,0.01
"18385",1993,"Racing",0,0,0.01
"18407",1999,"Platform",0.1,0.02,0
"18410",1998,"Platform",0,0,0.14
"18411",1998,"Platform",0,0,0.14
"18459",1998,"Racing",0.21,0.14,0
"18468",1998,"Puzzle",0.04,0.03,0
"18469",1998,"Puzzle",0.04,0.03,0
"18470",1999,"Racing",0.12,0.08,0
"18473",1999,"Simulation",0.02,0.02,0
"18492",1991,"Strategy",0,0,0.25
"18493",1992,"Strategy",0,0,0.25
"18494",1992,"Strategy",0,0,0.29
"18495",1993,"Strategy",0,0,0.29
"18496",1995,"Strategy",0.05,0.03,0.04
"18497",1996,"Strategy",0.05,0.03,0.04
"18498",1994,"Strategy",0,0,0.53
"18499",1995,"Strategy",0,0,0.53
"18502",1998,"Strategy",0.03,0.02,0
"18517",1992,"Role-Playing",0,0,0.97
"18518",1992,"Role-Playing",0,0,0.97
"18519",1993,"Role-Playing",0,0,1.17
"18520",1995,"Role-Playing",0,0,1.29
"18550",1997,"Action",0.05,0.04,0
"18551",1998,"Action",0.05,0.04,0
"18558",1997,"Role-Playing",0.11,0.07,0.29
"18568",1996,"Role-Playing",0,0,0.31
"18570",1999,"Racing",0.32,0.07,0
"18577",1996,"Role-Playing",0,0,0.15
"18578",1996,"Role-Playing",0,0,0.15
"18637",1999,"Adventure",0.57,0.67,0
"18642",1999,"Misc",0.41,0.09,0
"18643",1998,"Adventure",1.63,1.53,0
"18674",1997,"Racing",0.05,0.03,0
"18675",1998,"Racing",0.05,0.03,0
"18682",1998,"Racing",0.35,0.06,0
"18683",1997,"Misc",0.02,0.01,0
"18684",1997,"Racing",0.02,0.01,0
"18694",1998,"Racing",0.05,0.01,0
"18695",1998,"Racing",0.05,0.03,0
"18736",1997,"Role-Playing",0.15,0.04,1.07
"18737",1999,"Role-Playing",0.1,0.07,0.71
"18747",1996,"Misc",0,0,0.06
"18748",1993,"Action",0,0,0.22
"18749",1994,"Action",0,0,0.22
"18778",1999,"Strategy",0.03,0.02,0
"18792",1998,"Adventure",0,0,0.53
"18793",1997,"Misc",0,0,0.11
"18795",1996,"Adventure",0,0,0.55
"18834",1993,"Fighting",0,0,0.07
"18835",1994,"Fighting",0,0,0.4
"18844",1994,"Fighting",0,0,0.25
"18845",1995,"Fighting",0,0,0.08
"18850",1999,"Fighting",0.01,0,0
"18852",1994,"Fighting",0,0,0.2
"18853",1996,"Fighting",0,0,0.03
"18910",1997,"Racing",0.63,0.11,0
"18911",1997,"Racing",0.63,0.11,0
"18912",1997,"Racing",0.21,0.15,0
"18913",1998,"Racing",0.21,0.15,0
"18920",1996,"Strategy",0,0,0.12
"18921",1996,"Strategy",0,0,0.12
"18948",1994,"Fighting",0,0,0.16
"18951",1996,"Puzzle",0,0,0.15
"18952",1997,"Puzzle",0,0,0.15
"19065",1999,"Misc",0.14,0.1,0
"19066",1999,"Misc",0.14,0.1,0
"19096",1997,"Strategy",0,0,0.27
"19097",1997,"Strategy",0,0,0.27
"19098",1998,"Strategy",0,0,0.67
"19099",1998,"Strategy",0,0,0.67
"19123",1999,"Strategy",0,0,0.51
"19124",1999,"Strategy",0,0,0.51
"19134",1991,"Role-Playing",0,0,0.29
"19135",1995,"Strategy",0,0,0.2
"19136",1995,"Strategy",0,0,0.2
"19137",1994,"Strategy",0,0,0.19
"19138",1994,"Strategy",0,0,0.19
"19145",1996,"Shooter",0,0,0.05
"19146",1996,"Shooter",0,0,0.05
"19158",1999,"Simulation",0,0,0.52
"19193",1993,"Role-Playing",0.25,0.07,1.49
"19214",1996,"Shooter",0,0,0.08
"19216",1999,"Sports",0,0,0.09
"19217",1999,"Sports",0,0,0.09
"19235",1995,"Racing",0.21,0.16,0.77
"19236",1999,"Racing",0,0,0.41
"19252",1996,"Racing",0,0,0.11
"19253",1997,"Racing",0,0,0.11
"19255",1995,"Role-Playing",0,0,0.89
"19256",1995,"Role-Playing",0,0,0.89
"19283",1995,"Strategy",0,0,0.11
"19319",1998,"Adventure",0,0,0.25
"19321",1997,"Adventure",0,0,0.08
"19322",1995,"Strategy",0,0,0.13
"19352",1999,"Misc",0.14,0.04,0
"19353",1998,"Misc",0.17,0.12,0
"19354",1999,"Misc",0.15,0.04,0
"19355",1998,"Misc",0.13,0.09,0
"19373",1999,"Action",0.1,0.07,0
"19374",1999,"Role-Playing",0.1,0.07,0
"19375",1999,"Action",0.18,0.08,0
"19376",1998,"Action",0.14,0.09,0
"19377",1999,"Action",0.14,0.09,0
"19379",1997,"Adventure",0.05,0.04,0
"19380",1997,"Adventure",0.05,0.04,0
"19399",1998,"Role-Playing",0.01,0.01,0.07
"19400",1999,"Role-Playing",0.01,0.01,0.07
"19403",1999,"Adventure",0.06,0.01,0
"19418",1998,"Puzzle",0.01,0.01,0
"19419",1999,"Puzzle",0.01,0.01,0
"19458",1995,"Action",0.06,0.04,0
"19459",1998,"Action",0.06,0.04,0
"19464",1999,"Adventure",0.52,0.24,0.38
"19496",1996,"Misc",0,0,0.04
"19511",1994,"Role-Playing",0,0,0.37
"19515",1995,"Role-Playing",0,0,0.38
"19549",1993,"Role-Playing",0,0,0.32
"19550",1995,"Fighting",0,0,0.3
"19551",1996,"Fighting",0,0,0.26
"19552",1998,"Fighting",0,0,0.21
"19565",1996,"Role-Playing",0,0,0.52
"19566",1996,"Strategy",0,0,0.52
"19567",1997,"Strategy",0,0,0.3
"19572",1994,"Strategy",0,0,0.14
"19575",1993,"Strategy",0,0,0.19
"19576",1994,"Strategy",0,0,0.19
"19577",1997,"Strategy",0,0,0.13
"19578",1998,"Strategy",0,0,0.13
"19579",1998,"Strategy",0,0,0.05
"19613",1998,"Misc",0,0,0.05
"19616",1998,"Adventure",0,0,0.11
"19617",1998,"Adventure",0,0,0.11
"19625",1996,"Shooter",0,0,0.02
"19638",1995,"Simulation",0.05,0.04,0
"19639",1995,"Simulation",0.05,0.04,0
"19757",1999,"Action",0.01,0.01,0
"19759",1999,"Action",0.71,0.48,0.3
"19760",1999,"Adventure",0.71,0.48,0.3
"19806",1998,"Platform",0.03,0.02,0
"19807",1999,"Platform",0.03,0.02,0
"19814",1998,"Strategy",2.04,0.04,0
"19815",1999,"Strategy",2.04,0.04,0
"19816",1999,"Strategy",0.35,0.24,0
"19823",1991,"Simulation",0.93,0.27,0.75
"19827",1992,"Simulation",1.2,0.84,0
"19828",1993,"Simulation",1.2,0.84,0
"19829",1996,"Simulation",0.68,0.46,0
"19830",1994,"Simulation",0,0,0.28
"19831",1995,"Simulation",0,0,0.28
"19832",1995,"Simulation",0,0,0.49
"19833",1996,"Simulation",0,0,0.49
"19842",1991,"Simulation",0,0,0.16
"19843",1993,"Simulation",0,0,0.16
"19844",1998,"Misc",0,0,0.99
"19845",1998,"Misc",0,0,0.99
"19955",1996,"Platform",0.04,0.03,0
"19956",1996,"Platform",0.04,0.03,0
"19970",1998,"Platform",0.07,0.05,0
"19971",1998,"Platform",0.07,0.05,0
"20038",1995,"Sports",0.04,0.03,0
"20039",1996,"Sports",0.04,0.03,0
"20040",1995,"Sports",0,0,0.05
"20041",1995,"Sports",0,0,0.05
"20042",1994,"Sports",0,0,0.27
"20043",1994,"Sports",0,0,0.27
"20044",1994,"Role-Playing",0,0,0.12
"20045",1998,"Role-Playing",0,0,0.08
"20046",1998,"Role-Playing",0,0,0.08
"20049",1998,"Racing",0.9,0.61,0
"20050",1999,"Racing",0.9,0.61,0
"20085",1998,"Adventure",0.34,0.23,0
"20086",1998,"Platform",0.34,0.23,0
"20169",1999,"Racing",0.52,0.35,0
"20180",1996,"Sports",0.16,0.04,0
"20181",1997,"Sports",0.16,0.04,0
"20182",1999,"Sports",0.09,0.02,0
"20229",1994,"Platform",1.24,0.43,0.03
"20246",1998,"Platform",1.26,0.61,0.46
"20247",1999,"Platform",1.26,0.61,0.46
"20258",1993,"Platform",1,0.36,0.09
"20276",1997,"Platform",0,0,0.12
"20296",1991,"Platform",3.03,0.91,0.26
"20300",1992,"Platform",4.47,1.2,0.16
"20301",1992,"Platform",0,0,0.04
"20302",1994,"Platform",1.02,0.47,0.2
"20320",1996,"Simulation",0,0,0.08
"20321",1995,"Simulation",0,0,0.04
"20322",1995,"Simulation",0,0,0.02
"20324",1998,"Role-Playing",0,0,0.13
"20325",1998,"Role-Playing",0,0,0.13
"20328",1997,"Fighting",0.61,0.41,0.46
"20345",1999,"Fighting",0,0,0.34
"20346",1999,"Fighting",0,0,0.34
"20371",1999,"Adventure",0,0,0.16
"20372",1998,"Adventure",0,0,0.09
"20373",1996,"Misc",0,0,0.08
"20376",1998,"Shooter",0.9,0.23,0
"20377",1998,"Shooter",0.39,0.27,0
"20378",1999,"Shooter",0.39,0.27,0
"20380",1998,"Racing",0.2,0.13,0
"20381",1999,"Racing",0.2,0.13,0
"20382",1999,"Misc",0.19,0.05,0
"20383",1998,"Misc",0.17,0.12,0
"20384",1999,"Misc",0.17,0.12,0
"20393",1996,"Simulation",0.65,0.44,0
"20394",1999,"Strategy",0,0,0.16
"20395",1999,"Strategy",0,0,0.16
"20407",1995,"Role-Playing",0.02,0.02,0.12
"20408",1995,"Role-Playing",0.02,0.02,0.12
"20413",1995,"Shooter",0.04,0.03,0
"20414",1996,"Shooter",0.04,0.03,0
"20418",1999,"Shooter",0.13,0.03,0
"20419",1994,"Shooter",0,0,0.46
"20420",1997,"Shooter",0,0,0.46
"20427",1996,"Sports",0.51,0.35,0
"20430",1997,"Adventure",0.12,0.03,0
"20431",1998,"Adventure",0.12,0.03,0
"20437",1997,"Action",0.14,0.09,0
"20471",1998,"Racing",0.11,0.08,0
"20473",1996,"Racing",0.04,0.02,0
"20474",1998,"Racing",0.04,0.02,0
"20494",1998,"Action",0.37,0.25,0
"20495",1998,"Action",0.37,0.25,0
"20644",1999,"Racing",0.12,0.08,0
"20650",1996,"Platform",0.04,0.03,0
"20675",1999,"Platform",2.14,1.21,0.01
"20680",1998,"Platform",3.36,1.36,0.07
"20748",1995,"Shooter",0.04,0.02,0
"20749",1996,"Shooter",0.04,0.02,0
"20750",1993,"Shooter",1.61,0.51,0.8
"20751",1997,"Shooter",2.78,0.58,0.64
"20757",1996,"Fighting",0.07,0.05,0.15
"20758",1996,"Fighting",0.07,0.05,0.15
"20759",1996,"Role-Playing",0,0,0.23
"20760",1996,"Role-Playing",0,0,0.23
"20771",1998,"Role-Playing",0.26,0.1,0.72
"20772",1999,"Role-Playing",0.26,0.1,0.72
"20776",1998,"Shooter",0.05,0.01,0
"20777",1998,"Shooter",0.05,0.01,0
"20821",1999,"Action",0.66,0.48,0.01
"20823",1999,"Racing",2.31,0.62,0.14
"20825",1999,"Adventure",0.72,0.89,0.04
"20867",1994,"Shooter",1.09,0.77,0
"20868",1995,"Shooter",1.09,0.77,0
"20869",1996,"Shooter",0.31,0.21,0
"20887",1997,"Action",0.38,0.26,0
"20890",1996,"Shooter",0.49,0.33,0
"20891",1996,"Shooter",0.49,0.33,0
"20895",1998,"Simulation",1.6,0.46,0.08
"20896",1996,"Action",2,0.5,0.12
"20915",1996,"Shooter",0,0,0.15
"20917",1998,"Strategy",0,0.04,0
"20939",1998,"Platform",0.02,0.01,0
"20940",1999,"Platform",0.02,0.01,0
"20951",1996,"Racing",0.03,0.02,0
"21020",1998,"Adventure",0,0,0.11
"21054",1998,"Racing",0.09,0.06,0
"21059",1996,"Fighting",0.14,0.09,0.57
"21060",1996,"Fighting",0.14,0.09,0.57
"21061",1995,"Fighting",0,0,0.32
"21062",1996,"Fighting",0,0,0.32
"21063",1996,"Fighting",0,0,0.17
"21064",1996,"Fighting",0,0,0.17
"21066",1998,"Fighting",0.38,0.12,0.51
"21069",1995,"Fighting",0.17,0.11,0.43
"21070",1995,"Fighting",0.17,0.11,0.43
"21071",1996,"Fighting",0,0,0.35
"21075",1997,"Fighting",0,0,0.09
"21076",1996,"Fighting",0,0,0.11
"21077",1997,"Fighting",0,0,0.11
"21078",1997,"Fighting",0.28,0.19,0.23
"21079",1997,"Fighting",0.28,0.19,0.23
"21080",1998,"Fighting",0.13,0.09,0
"21081",1999,"Fighting",0.13,0.09,0
"21084",1992,"Fighting",1.42,0.51,2.1
"21085",1992,"Fighting",2.47,0.83,2.87
"21086",1992,"Fighting",1,0.3,0.31
"21087",1993,"Action",0,0,0.07
"21099",1995,"Fighting",0.1,0.07,0
"21106",1996,"Racing",0.09,0.06,0
"21107",1998,"Sports",0.37,0.25,0
"21108",1999,"Sports",0.37,0.25,0
"21111",1990,"Action",1.86,0.55,0.11
"21112",1993,"Action",0,0,0.07
"21113",1994,"Action",0,0,0.07
"21123",1996,"Simulation",0.04,0.03,0
"21124",1996,"Simulation",0.04,0.03,0
"21131",1995,"Sports",0.04,0.03,0
"21132",1996,"Sports",0.04,0.03,0
"21133",1998,"Shooter",0.07,0.05,0
"21135",1996,"Shooter",0,0,0.05
"21152",1993,"Racing",0,0,0.35
"21153",1994,"Racing",0,0,0.35
"21188",1994,"Fighting",0,0,0.02
"21190",1995,"Role-Playing",0.21,0.14,0.21
"21191",1996,"Role-Playing",0.21,0.14,0.21
"21192",1998,"Role-Playing",0.15,0.1,0.38
"21193",1999,"Role-Playing",0.15,0.1,0.38
"21267",1992,"Platform",0,0,0.22
"21272",1991,"Sports",0,0,0.2
"21273",1992,"Sports",0,0,0.46
"21274",1992,"Sports",0,0,0.46
"21277",1992,"Puzzle",0,0,0.57
"21278",1993,"Puzzle",0,0,0.57
"21279",1994,"Puzzle",0,0,0.81
"21280",1994,"Puzzle",0,0,0.7
"21281",1995,"Puzzle",0,0,0.7
"21282",1996,"Puzzle",0,0,0.44
"21283",1997,"Puzzle",0,0,0.3
"21287",1999,"Sports",0.02,0,0
"21295",1991,"Platform",0.32,0.05,0.25
"21296",1991,"Platform",0.32,0.05,0.25
"21300",1995,"Sports",0,0,0.02
"21301",1996,"Sports",0,0,0.02
"21312",1994,"Sports",0,0,0.39
"21313",1994,"Sports",0,0,0.39
"21314",1995,"Sports",0,0,0.42
"21315",1995,"Sports",0,0,0.42
"21316",1996,"Sports",0,0,0.5
"21317",1996,"Sports",0,0,0.5
"21318",1991,"Fighting",0,0,0.39
"21319",1994,"Fighting",0,0,0.36
"21320",1995,"Fighting",0,0,0.28
"21323",1994,"Sports",0,0,0.37
"21327",1991,"Platform",0.5,0.14,0.52
"21334",1995,"Misc",0,0,0.05
"21336",1993,"Misc",0,0,0.06
"21340",1996,"Platform",6.91,2.85,1.91
"21342",1993,"Platform",5.99,2.15,2.12
"21344",1999,"Platform",3.4,1.3,0.15
"21352",1992,"Racing",3.54,1.24,3.81
"21354",1992,"Adventure",6.16,2.04,2.69
"21355",1994,"Platform",2.49,0.98,1.57
"21357",1996,"Role-Playing",0.66,0,1.45
"21360",1992,"Platform",0,0,0.69
"21362",1990,"Platform",12.78,3.75,3.54
"21364",1995,"Platform",1.65,0.61,1.76
"21367",1994,"Action",0.57,0.12,0.71
"21368",1995,"Misc",0,0,0.47
"21369",1994,"Simulation",0,0,0.91
"21385",1996,"Puzzle",0,0,0.02
"21386",1995,"Puzzle",0,0,0.27
"21391",1993,"Sports",0,0,0.17
"21392",1994,"Sports",0,0,0.33
"21395",1993,"Puzzle",0,0,1.69
"21396",1995,"Puzzle",0,0,0.47
"21399",1996,"Puzzle",0.08,0.05,0
"21400",1996,"Puzzle",0.08,0.05,0
"21401",1991,"Shooter",0,0,0.23
"21402",1991,"Shooter",0,0,0.23
"21403",1991,"Racing",0.58,0.37,0.15
"21404",1995,"Misc",0,0,0.07
"21405",1995,"Misc",0,0,0.19
"21410",1998,"Fighting",0,0,0.04
"21411",1999,"Strategy",0,0,0.2
"21417",1999,"Strategy",0,0,0.29
"21419",1994,"Strategy",0,0,0.37
"21420",1997,"Action",0,0,0.55
"21421",1997,"Strategy",0,0,0.55
"21422",1999,"Strategy",0,0,0.21
"21423",1998,"Strategy",0,0,0.55
"21471",1991,"Shooter",1.06,0.38,0.15
"21476",1999,"Fighting",2.95,0.6,1.97
"21479",1991,"Sports",0,0,0.38
"21480",1992,"Sports",0,0,0.38
"21484",1993,"Fighting",0,0,0.15
"21485",1994,"Fighting",0,0,0.15
"21486",1993,"Fighting",0.52,0.16,1.29
"21487",1994,"Fighting",0,0,0.09
"21498",1991,"Action",0,0,0.42
"21499",1991,"Action",0,0,0.42
"21502",1999,"Racing",0.15,0.1,0
"21506",1999,"Racing",0.23,0.06,0
"21515",1999,"Action",0.33,0.07,0
"21531",1999,"Sports",0.07,0.05,0
"21584",1996,"Role-Playing",0,0,0.1
"21620",1992,"Strategy",0,0.05,0
"21621",1993,"Strategy",0,0.05,0
"21625",1997,"Strategy",0.02,0.01,0
"21626",1999,"Shooter",2.03,0.72,0.02
"21627",1999,"Shooter",2.03,0.72,0.02
"21642",1998,"Adventure",0.08,0.05,0
"21643",1999,"Adventure",0.08,0.05,0
"21644",1998,"Action",0.08,0.06,0
"21645",1999,"Action",0.08,0.06,0
"21656",1995,"Role-Playing",0,0,0.71
"21709",1998,"Adventure",0.02,0.01,0
"21710",1999,"Adventure",0.02,0.01,0
"21711",1996,"Role-Playing",0.01,0.01,0
"21712",1997,"Role-Playing",0.01,0.01,0
"21747",1997,"Role-Playing",0.09,0.06,0.83
"21748",1998,"Role-Playing",0.09,0.06,0.83
"21778",1998,"Role-Playing",0,0,0.54
"21779",1998,"Role-Playing",0,0,0.54
"21780",1995,"Role-Playing",0,0,0.4
"21781",1995,"Role-Playing",0,0,0.4
"21826",1996,"Simulation",0,0,1.44
"21827",1997,"Simulation",0,0,1.44
"21849",1996,"Simulation",0,0,0.06
"21886",1996,"Sports",0.06,0.04,0
"21887",1996,"Sports",0.06,0.04,0
"21888",1996,"Role-Playing",0.04,0.03,0
"21889",1996,"Role-Playing",0.04,0.03,0
"21926",1991,"Action",0,0,0.06
"21927",1991,"Action",0,0,0.06
"21928",1990,"Action",1.74,0.25,0.21
"21929",1990,"Action",1.74,0.25,0.21
"21930",1991,"Action",1.05,0.17,0.15
"21931",1992,"Action",1.05,0.17,0.15
"21948",1992,"Fighting",0.04,0.01,0.02
"21949",1994,"Fighting",0.04,0.01,0.02
"21950",1992,"Fighting",0,0,0.06
"21951",1993,"Fighting",0,0,0.06
"21957",1995,"Fighting",0.95,1.3,0.77
"21958",1995,"Fighting",0.95,1.3,0.77
"21959",1996,"Fighting",2.26,1.89,1.36
"21960",1996,"Fighting",2.26,1.89,1.36
"21961",1998,"Fighting",3.27,2.22,1.4
"21980",1995,"Shooter",0.04,0.03,0
"21981",1996,"Shooter",0.04,0.03,0
"21986",1995,"Adventure",0,0,0.06
"21999",1997,"Action",0.95,0.64,0.27
"22000",1998,"Action",0.95,0.64,0.27
"22003",1997,"Role-Playing",0,0,0.26
"22054",1995,"Role-Playing",0,0,0.09
"22055",1996,"Role-Playing",0,0,0.09
"22072",1997,"Racing",0.67,0.46,0
"22073",1997,"Racing",0.67,0.46,0
"22074",1997,"Racing",1.05,0.2,0
"22075",1998,"Racing",1.05,0.2,0
"22076",1999,"Racing",0.4,0.27,0
"22077",1999,"Racing",0.03,0.02,0
"22094",1997,"Racing",0.65,0.44,0
"22095",1997,"Racing",0.65,0.44,0
"22098",1993,"Puzzle",0.62,0.13,0.21
"22099",1992,"Puzzle",0,0,0.23
"22100",1993,"Puzzle",0,0,0.23
"22101",1991,"Puzzle",0,0,0.32
"22102",1996,"Puzzle",0,0,0.23
"22103",1995,"Puzzle",0,0,0.15
"22104",1996,"Puzzle",0,0,0.15
"22108",1998,"Puzzle",1.06,0.6,0.2
"22115",1996,"Puzzle",2.1,0.24,0
"22116",1996,"Puzzle",2.1,0.24,0
"22123",1997,"Puzzle",0.29,0.06,0
"22125",1998,"Misc",0,0,0.01
"22142",1992,"Adventure",0.01,0.77,0
"22143",1993,"Adventure",0.03,0.77,0
"22162",1996,"Platform",0.01,0.01,0
"22250",1997,"Platform",0.08,0.05,0
"22303",1997,"Adventure",0,0,0
"22313",1997,"Simulation",0,0,0.3
"22334",1997,"Action",0.01,0.01,0
"22373",1999,"Racing",0.99,0.16,0
"22374",1999,"Racing",0.99,0.16,0
"22445",1998,"Action",0.08,0.05,0
"22446",1998,"Action",0.08,0.05,0
"22449",1996,"Sports",0.04,0.03,0
"22450",1996,"Sports",0.04,0.03,0
"22459",1998,"Misc",0.46,0.31,0
"22460",1998,"Misc",0.46,0.31,0
"22498",1997,"Role-Playing",0.08,0.05,0
"22499",1998,"Role-Playing",0.08,0.05,0
"22503",1994,"Action",0,0,0.03
"22512",1999,"Adventure",0.29,0.2,0
"22545",1997,"Shooter",0,0,0.13
"22546",1998,"Shooter",0,0,0.13
"22547",1998,"Shooter",0,0,0.26
"22548",1999,"Shooter",0,0,0.26
"22601",1996,"Action",0.09,0.06,0
"22602",1997,"Action",0.09,0.06,0
"22631",1994,"Fighting",0,0,0.12
"22632",1993,"Fighting",0,0,0.14
"22633",1994,"Fighting",0,0,0.14
"22634",1995,"Fighting",0,0,0.2
"22635",1996,"Fighting",0,0,0.16
"22636",1995,"Fighting",0,0,0.28
"22637",1996,"Fighting",0,0,0.28
"22638",1994,"Fighting",0,0,0.23
"22639",1995,"Fighting",0,0,0.23
"22640",1996,"Fighting",0,0,0.06
"22641",1997,"Fighting",0,0,0.07
"22642",1996,"Fighting",0,0,0.21
"22643",1998,"Fighting",0,0,0.16
"22644",1998,"Fighting",0,0,0.16
"22645",1998,"Fighting",0,0,0.17
"22648",1999,"Fighting",0.05,0.03,0
"22649",1999,"Fighting",0.05,0.03,0
"22670",1998,"Fighting",0,0,0.04
"22671",1998,"Fighting",0,0,0.04
"22685",1999,"Fighting",0,0,0.1
"22709",1999,"Role-Playing",0.94,0.44,0.39
"22771",1991,"Adventure",0,0,0.48
"22772",1992,"Adventure",0,0,0.48
"22776",1991,"Action",2.42,0.91,1.15
"22779",1992,"Action",2.21,0.96,0.54
"22780",1998,"Adventure",1,0.63,0.45
"22784",1998,"Action",4.1,1.89,1.45
"22823",1994,"Action",0.97,0.37,0.03
"22824",1994,"Platform",1.26,0.39,0.08
"22829",1999,"Adventure",0,0.01,0
"22880",1997,"Action",0.57,0.39,0
"22882",1992,"Platform",0,0,0.52
"22887",1999,"Adventure",0.03,0.02,0
"22909",1999,"Puzzle",0.22,0.05,0.02
"22913",1998,"Puzzle",0.45,0.31,0
"22914",1999,"Puzzle",0.45,0.31,0
"22941",1995,"Sports",0,0,0.03
"22979",1995,"Shooter",0.06,0.04,0.12
"22980",1995,"Shooter",0.06,0.04,0.12
"23125",1998,"Action",0.02,0.02,0
"23126",1999,"Adventure",0.02,0.02,0
"23195",1998,"Strategy",0.07,0.05,0
"23276",1999,"Adventure",0.24,0.16,0
"23277",1999,"Adventure",0.24,0.16,0
"23292",1997,"Strategy",2.3,0.1,0
"23293",1998,"Strategy",0.03,0.02,0.03
"23295",1994,"Simulation",0.24,0.16,0.13
"23296",1995,"Strategy",0.24,0.16,0.13
"23297",1994,"Simulation",0,0,0.08
"23298",1995,"Simulation",0,0,0.08
"23308",1998,"Shooter",0,0.01,0
"23332",1993,"Simulation",0,0,0.19
"23333",1994,"Simulation",0,0,0.27
"23334",1995,"Simulation",0,0,0.04
"23335",1998,"Role-Playing",0.06,0.04,0
"23336",1999,"Role-Playing",0.06,0.04,0
"23337",1998,"Sports",0.22,0.15,0
"23338",1999,"Sports",0.22,0.15,0
"23339",1999,"Role-Playing",0.12,0.08,0
"23351",1998,"Shooter",0.03,0.02,0
"23352",1998,"Shooter",0.03,0.02,0
"23354",1997,"Racing",0.08,0.05,0
"23357",1994,"Simulation",0.1,0.07,0
"23358",1995,"Simulation",0.1,0.07,0
"23364",1997,"Sports",0.85,0.58,0
"23365",1998,"Sports",0.85,0.58,0
"23438",1998,"Sports",0.37,0.25,0
"23439",1999,"Sports",0.37,0.25,0
"23468",1997,"Simulation",0.04,0.03,0
"23482",1996,"Action",0.1,0.07,0
"23483",1996,"Action",0.1,0.07,0
"23484",1997,"Shooter",0.38,0.87,0.33
"23485",1997,"Shooter",0.38,0.87,0.33
"23512",1998,"Misc",0.02,0.01,0
"23522",1998,"Action",0.19,0.13,0
"23523",1999,"Action",0.19,0.13,0
"23525",1998,"Misc",0.17,0.12,0
"23526",1998,"Misc",0.17,0.12,0
"23527",1998,"Action",0.03,0.02,0
"23528",1999,"Action",0.03,0.02,0
"23560",1996,"Racing",0.73,0.5,0
"23561",1999,"Adventure",0,0,0.13
"23562",1999,"Adventure",0,0,0.13
"23581",1997,"Fighting",0,0,0.35
"23582",1997,"Fighting",0,0,0.35
"23583",1996,"Fighting",0.12,0.08,0.66
"23586",1999,"Racing",0.03,1.16,0.02
"23587",1998,"Racing",0.07,2,0.02
"23595",1997,"Racing",0.07,2,0.02
"23605",1995,"Misc",0,0,0.04
"23606",1999,"Simulation",0,0,0.36
"23607",1999,"Simulation",0,0,0.36
"23618",1995,"Simulation",0,0,0.55
"23619",1995,"Simulation",0,0,0.55
"23621",1996,"Simulation",0,0,0.38
"23622",1996,"Simulation",0,0,0.38
"23629",1996,"Misc",0,0,0.16
"23630",1996,"Misc",0,0,0.16
"23631",1996,"Puzzle",0,0,0.09
"23632",1996,"Puzzle",0,0,0.09
"23633",1996,"Puzzle",0,0,0.08
"23634",1996,"Puzzle",0,0,0.08
"23635",1998,"Misc",0,0,0.06
"23636",1998,"Misc",0,0,0.06
"23650",1996,"Racing",0.06,0.04,0.21
"23651",1996,"Racing",0.06,0.04,0.21
"23671",1999,"Racing",0,0,0.17
"23672",1999,"Racing",0,0,0.17
"23734",1999,"Shooter",0.48,0.15,0
"23735",1999,"Shooter",0.93,0.63,0
"23794",1996,"Action",0.96,0.07,0
"23795",1996,"Action",2.29,1.97,0.13
"23801",1999,"Action",0.34,0.23,0
"23803",1997,"Action",0.91,1.25,0
"23804",1997,"Adventure",0.91,1.25,0
"23805",1997,"Action",2.3,2.46,0.2
"23806",1997,"Adventure",2.3,2.46,0.2
"23807",1998,"Action",0.59,0.03,0
"23808",1998,"Adventure",0.59,0.03,0
"23809",1997,"Action",1.66,1.58,0.12
"23810",1998,"Adventure",1.66,1.58,0.12
"23827",1998,"Action",0.41,0,0
"23828",1999,"Action",0.41,0,0
"23829",1998,"Action",1.15,1.14,0.06
"23830",1999,"Action",1.15,1.14,0.06
"23846",1997,"Platform",0.15,0.1,0
"23847",1998,"Platform",0.15,0.1,0
"23848",1999,"Platform",0.16,0.11,0
"23857",1999,"Platform",0.09,0.02,0
"23878",1999,"Sports",3.42,1.38,0.02
"23917",1999,"Racing",0.05,0.01,0
"23919",1998,"Racing",0.23,0.06,0
"23922",1997,"Racing",0.32,0.07,0
"23923",1999,"Racing",0.09,0.02,0
"23933",1996,"Misc",0.3,0.21,0
"23934",1996,"Misc",0.3,0.21,0
"23989",1993,"Role-Playing",0,0,0.78
"24081",1999,"Platform",0.71,0.2,0
"24082",1998,"Platform",0.99,0.64,0
"24083",1999,"Platform",0.99,0.64,0
"24168",1998,"Strategy",0.02,0.01,0
"24169",1998,"Strategy",0.02,0.01,0
"24190",1996,"Role-Playing",0,0,0.2
"24191",1996,"Role-Playing",0,0,0.2
"24195",1997,"Action",0.1,0.07,0
"24196",1997,"Action",0.1,0.07,0
"24231",1999,"Sports",0.27,0.01,0
"24232",1999,"Sports",0.27,0.01,0
"24233",1999,"Sports",0.79,0.54,0
"24234",1999,"Sports",0.79,0.54,0
"24241",1996,"Sports",0.21,0.15,0
"24242",1996,"Sports",0.21,0.15,0
"24243",1997,"Sports",0.61,0.42,0
"24244",1997,"Sports",0.61,0.42,0
"24245",1998,"Sports",0.81,0.55,0
"24296",1996,"Misc",0.02,0.01,0
"24297",1996,"Misc",0.02,0.01,0
"24329",1996,"Action",0.05,0.03,0
"24330",1996,"Shooter",0.05,0.03,0
"24331",1997,"Racing",0.08,0.06,0
"24332",1998,"Racing",0.08,0.06,0
"24359",1997,"Platform",1.37,0.41,0.04
"24360",1998,"Shooter",1.37,0.41,0.04
"24362",1997,"Shooter",0,0,0.05
"24363",1997,"Shooter",1.14,0.32,0.05
"24369",1999,"Shooter",0.3,0.06,0
"24389",1998,"Sports",0.16,0.04,0
"24390",1998,"Sports",0.16,0.04,0
"24392",1995,"Action",1.32,0.19,0
"24395",1996,"Racing",2.12,0.25,0
"24396",1999,"Racing",1.07,0.16,0
"24397",1998,"Action",1.48,0.2,0
"24425",1999,"Racing",0.06,0.04,0
"24541",1998,"Misc",0.12,0.08,0.41
"24542",1999,"Misc",0.12,0.08,0.41
"24548",1991,"Shooter",0,0,0.12
"24629",1998,"Action",0.04,0.03,0
"24633",1999,"Action",0.06,0.04,0
"24679",1998,"Racing",0.07,0.02,0
"24680",1999,"Racing",0.07,0.02,0
"24714",1999,"Role-Playing",0.07,0.05,0.63
"24732",1998,"Fighting",0,0,0.18
"24742",1999,"Shooter",0.01,0.01,0
"24746",1996,"Role-Playing",0.14,0.09,0.19
"24747",1997,"Role-Playing",0.14,0.09,0.19
"24748",1999,"Strategy",0.06,0.04,0
"24749",1999,"Strategy",0.06,0.04,0
"24750",1998,"Strategy",0.04,0.03,0
"24787",1996,"Sports",0,0,0.01
"24788",1995,"Misc",0,0,0.1
"24792",1995,"Shooter",0.04,0.03,0
"24800",1998,"Racing",0.25,0.06,0
"24801",1998,"Racing",0.68,0.47,0
"24803",1999,"Racing",0.27,0.18,0
"24812",1995,"Shooter",0,0,0.62
"24813",1996,"Shooter",0,0,0.3
"24814",1994,"Fighting",0.17,0.12,0.77
"24815",1995,"Fighting",0.17,0.12,0.77
"24816",1995,"Fighting",0.34,0.26,1.3
"24817",1996,"Fighting",0.34,0.26,1.3
"24818",1998,"Fighting",0,0,0.37
"24819",1999,"Fighting",0,0,0.37
"24824",1995,"Misc",0,0,0.11
"24825",1995,"Misc",0,0,0.08
"24826",1995,"Misc",0,0,0.09
"24827",1995,"Misc",0,0,0.12
"24828",1995,"Misc",0,0,0.05
"24829",1995,"Misc",0,0,0.04
"24830",1995,"Fighting",0,0,0.23
"24831",1996,"Fighting",0,0,0.23
"24837",1994,"Racing",0,0,0.26
"24838",1999,"Sports",0,0,0.32
"24858",1998,"Misc",0.05,0.01,0
"24859",1995,"Role-Playing",0,0,0.11
"24860",1995,"Role-Playing",0,0,0.11
"24862",1997,"Sports",0.28,0.19,0
"24863",1998,"Sports",0.08,0.02,0
"24866",1996,"Fighting",0,0,0.09
"24867",1993,"Sports",0,0,0.53
"24868",1994,"Sports",0,0,0.53
"24871",1997,"Adventure",0,0,0.08
"24872",1997,"Shooter",0,0,0.08
"24898",1997,"Racing",0.16,0.11,0
"24903",1996,"Sports",0.09,0.06,0
"24904",1996,"Sports",0.09,0.06,0
"24906",1996,"Sports",0.03,0.02,0
"24907",1996,"Sports",0.03,0.02,0
"24915",1998,"Sports",0.48,0.11,0
"24964",1997,"Fighting",0.23,0.06,0
"24965",1996,"Fighting",0.01,0.01,0
"24966",1997,"Fighting",0.01,0.01,0
"24969",1997,"Strategy",0.18,0.12,0
"24970",1995,"Strategy",1.7,2.27,0
"24973",1994,"Strategy",0.89,1.08,0
"24995",1998,"Strategy",0.02,0.01,0
"24999",1996,"Strategy",0.11,0.07,0
"25000",1996,"Strategy",0.11,0.07,0
"25003",1995,"Simulation",0.25,0.17,0
"25008",1997,"Platform",0.7,0.35,0.39
"25009",1998,"Platform",0,0,0.38
"25010",1999,"Platform",0,0,0.38
"25025",1998,"Fighting",0.15,0.1,0
"25026",1999,"Fighting",0.15,0.1,0
"25077",1999,"Strategy",2.79,1.89,0
"25103",1996,"Racing",1.98,0.58,0.34
"25117",1996,"Sports",0.49,0.03,0
"25118",1996,"Sports",0.49,0.03,0
"25119",1997,"Sports",0.23,0.02,0
"25120",1997,"Sports",0.03,0.02,0
"25121",1997,"Sports",0.03,0.02,0
"25124",1999,"Action",0.12,0.08,0
"25126",1999,"Fighting",0.63,0.15,0
"25127",1998,"Fighting",0.68,0.46,0
"25128",1999,"Fighting",0.68,0.46,0
"25129",1998,"Fighting",0.17,0.04,0
"25130",1998,"Fighting",1.42,0.36,0.03
"25131",1998,"Fighting",1.17,0.2,0.04
"25132",1997,"Fighting",1.37,0.28,0.03
"25133",1998,"Fighting",1.94,0.39,0.03
"25134",1998,"Fighting",1.1,0.48,0.04
"25171",1998,"Puzzle",0.06,0.02,0
"25182",1997,"Misc",0.2,0.05,0
"25183",1998,"Misc",0.99,0.22,0
"25222",1999,"Misc",1.94,0,0
"25253",1998,"Action",0.13,0.09,0
"25254",1996,"Role-Playing",0.26,0.17,0.46
"25255",1997,"Role-Playing",0.26,0.17,0.46
"25256",1999,"Role-Playing",0.19,0.13,0.31
"25280",1999,"Shooter",0.17,0.04,0
"25281",1999,"Shooter",0.17,0.04,0
"25285",1994,"Shooter",0,0,0.2
"25286",1995,"Shooter",0,0,0.2
"25287",1996,"Action",0.09,0.06,0
"25288",1997,"Simulation",0.05,0.03,0
"25308",1993,"Sports",0,0,0.53
"25309",1993,"Sports",0,0,0.53
"25310",1995,"Sports",0,0,0.3
"25311",1995,"Sports",0,0,0.3
"25312",1998,"Racing",0,0,0.14
"25313",1998,"Sports",0,0,0.14
"25314",1999,"Sports",0,0,0.14
"25315",1999,"Sports",0,0,0.14
"25365",1996,"Sports",0,0,0.11
"25366",1997,"Sports",0,0,0.11
"25399",1995,"Action",0.26,0.18,0
"25400",1995,"Racing",0.26,0.18,0
"25407",1999,"Racing",0.19,0.13,0
"25408",1999,"Racing",0.19,0.13,0
"25417",1998,"Racing",0.28,0.14,0
"25426",1996,"Racing",0.14,0.1,0
"25427",1996,"Racing",0.14,0.1,0
"25442",1995,"Role-Playing",0,0,0.1
"25443",1995,"Role-Playing",0,0,0.14
"25445",1998,"Role-Playing",0,0,0.07
"25476",1994,"Simulation",0,0,0.43
"25477",1994,"Simulation",0,0,0.43
"25478",1996,"Simulation",0,0,0.12
"25479",1996,"Simulation",0,0,0.12
"25488",1999,"Racing",0.06,0.04,0
"25528",1994,"Sports",0,0,0.02
"25530",1998,"Sports",0,0,0.09
"25531",1998,"Sports",0.14,0.4,0
"25532",1998,"Sports",0.14,0.4,0
"25533",1995,"Sports",0.07,0.05,0
"25534",1996,"Sports",0.07,0.05,0
"25539",1999,"Racing",0.14,0.03,0
"25549",1991,"Sports",0,0,0.15
"25550",1992,"Sports",0,0,0.15
"25552",1999,"Role-Playing",0.02,0.01,0.58
"25586",1994,"Sports",0,0,0.04
"25587",1995,"Sports",0,0,0.04
"25614",1998,"Sports",0,0,0.75
"25615",1998,"Sports",0,0,0.75
"25652",1998,"Sports",0,0,0.42
"25653",1998,"Sports",0,0,0.42
"25654",1999,"Sports",0,0,0.31
"25655",1999,"Sports",0,0,0.31
"25660",1996,"Sports",0,0,0.41
"25661",1996,"Sports",0,0,0.41
"25676",1994,"Sports",0,0,0.06
"25677",1995,"Sports",0,0,0.06
"25687",1997,"Strategy",0,0.01,0
"25696",1999,"Strategy",0.03,0.01,0
"25698",1999,"Strategy",0.18,0.81,0
"25749",1998,"Racing",0.05,0.03,0
"25772",1998,"Fighting",0.27,0.18,0
"25773",1999,"Fighting",0.27,0.18,0
"25860",1999,"Fighting",0.57,0.13,0
"25861",1998,"Fighting",1.27,0.42,0
"25862",1999,"Fighting",1.27,0.42,0
"25863",1996,"Fighting",0.35,0.24,0
"25870",1998,"Fighting",1.08,0.24,0
"25871",1998,"Fighting",2.47,0.76,0
"25872",1999,"Fighting",1.2,0.25,0.02
"25873",1995,"Fighting",0.03,0.02,0
"25881",1995,"Strategy",0.05,0.04,0
"25899",1997,"Fighting",0.16,0.11,0.12
"25900",1998,"Fighting",0.16,0.11,0.12
"25901",1997,"Fighting",0,0,0.26
"25902",1998,"Fighting",0.06,0.04,0
"25903",1998,"Fighting",0.06,0.04,0
"25904",1995,"Fighting",0,0,0.21
"25905",1996,"Fighting",0,0,0.21
"25954",1998,"Adventure",0.33,0.23,0
"25955",1999,"Adventure",0.33,0.23,0
"25956",1999,"Fighting",0.23,0.06,0
"25962",1998,"Role-Playing",0.29,0.19,0.89
"25970",1990,"Shooter",0.18,0.06,1.27
"25971",1997,"Shooter",0.01,0.01,0.11
"25972",1997,"Shooter",0.01,0.01,0.11
"26038",1998,"Adventure",0,0,0.19
"26039",1998,"Adventure",0,0,0.35
"26080",1991,"Puzzle",0,0,0.73
"26081",1992,"Puzzle",0,0,0.73
"26082",1991,"Puzzle",0.7,0.13,0.91
"26087",1992,"Puzzle",0.59,0.24,0.82
"26088",1992,"Puzzle",0.41,0.06,0.63
"26091",1997,"Platform",1.29,0.53,0.98
"26096",1995,"Misc",0.04,0,0
"26097",1995,"Misc",0.01,0,0
"26098",1999,"Misc",0.22,0.15,0
"26099",1999,"Misc",0.22,0.15,0
"26176",1998,"Strategy",0,0,1.61
"26177",1998,"Strategy",0,0,1.61
"26178",1999,"Strategy",0,0,1.1
"26179",1999,"Strategy",0,0,1.1
"26182",1999,"Role-Playing",1.37,0.44,0
"26184",1999,"Role-Playing",0,0,0.45
"26202",1998,"Role-Playing",0,0,0.26
"26203",1998,"Role-Playing",0,0,0.26
"26247",1993,"Fighting",0,0,0.36
"26248",1993,"Fighting",0,0,0.36
"26249",1994,"Fighting",0,0,0.31
"26250",1994,"Fighting",0,0,0.31
"26252",1994,"Fighting",0,0,0.08
"26293",1995,"Racing",0,0,0.04
"26294",1999,"Fighting",0,0,0.12
"26300",1995,"Fighting",0.03,0.02,0
"26301",1995,"Fighting",0.03,0.02,0
"26314",1994,"Sports",0,0,0.36
"26315",1995,"Racing",0,0,0.1
"26393",1995,"Puzzle",0.03,0.02,0
"26394",1995,"Puzzle",0.03,0.02,0
"26424",1998,"Sports",1.25,0.61,0.13
"26426",1999,"Misc",0.17,0.12,0
"26492",1994,"Platform",0.97,0.37,0.03
"26493",1994,"Platform",1.26,0.39,0.08
"26499",1996,"Platform",1.39,0.48,0.4
"26501",1994,"Shooter",2.05,1.4,0
"26513",1990,"Role-Playing",0.08,0,3.03
"26514",1998,"Role-Playing",0,0,2.34
"26522",1997,"Shooter",0.1,0.07,0.13
"26550",1997,"Sports",0.15,0.39,0
"26554",1994,"Role-Playing",0,0,0.7
"26720",1998,"Adventure",0,0,0.07
"26721",1996,"Adventure",0,0,0.2
"26771",1996,"Role-Playing",11.27,8.89,10.22
"26774",1998,"Strategy",1.49,0.73,1.38
"26776",1998,"Role-Playing",5.89,5.04,3.12
"26817",1999,"Racing",0,0,0.15
"26852",1999,"Role-Playing",0,0,0.14
"26853",1997,"Role-Playing",0,0,0.31
"26869",1992,"Platform",0,0,0.04
"26873",1996,"Fighting",0.61,0.41,0.46
"26877",1995,"Shooter",0,0,0.15
"26900",1992,"Puzzle",0.56,0.22,0.43
"26916",1992,"Platform",0.66,0.17,0.35
"26920",1996,"Adventure",0,0,0.08
"26927",1998,"Racing",0.03,1.16,0.02
"26964",1998,"Racing",0.23,0.06,0
"26965",1999,"Misc",1.94,0,0
